{
  "type": "FeatureCollection",
  "features": [
    {
      "type": "Feature",
      "properties": {
        "patchId": "PATCH_001",
        "areaRank": 1,
        "areaAcres": 58397.2,
        "parcelCount": 118,
        "interiorEdgeRatio": 0.4199,
        "isReceiveCandidate": true
      },
      "geometry": {
        "type": "Polygon",
        "coordinates": [
          [
            [
              -104.52474588169639,
              40.660566999782986
            ],
            [
              -104.52473117543741,
              40.66425462695251
            ],
            [
              -104.51991292001408,
              40.66423270140286
            ],
            [
              -104.5200031654976,
              40.65335991569335
            ],
            [
              -104.51527260690327,
              40.65337221712011
            ],
            [
              -104.51054219967303,
              40.653347568235084
            ],
            [
              -104.51045186685224,
              40.656994087448425
            ],
            [
              -104.50568195045238,
              40.657004187205374
            ],
            [
              -104.50556815426829,
              40.66062373145887
            ],
            [
              -104.50545741681528,
              40.66424418770005
            ],
            [
              -104.50534678440633,
              40.66786473186657
            ],
            [
              -104.51019235519097,
              40.667845398460884
            ],
            [
              -104.51503792068998,
              40.66782595347634
            ],
            [
              -104.51988323551156,
              40.6678085535523
            ],
            [
              -104.52472855385096,
              40.667789961439865
            ],
            [
              -104.5294901279754,
              40.66775127569585
            ],
            [
              -104.52938340263603,
              40.67494648185621
            ],
            [
              -104.5246250595071,
              40.674964812450604
            ],
            [
              -104.52459881551069,
              40.67675954477192
            ],
            [
              -104.51505606653744,
              40.676849503154486
            ],
            [
              -104.51503993399272,
              40.67861792475214
            ],
            [
              -104.51500721978942,
              40.68221690690017
            ],
            [
              -104.50995081789704,
              40.68224923966587
            ],
            [
              -104.50489429486454,
              40.6822816194157
            ],
            [
              -104.50506709829902,
              40.68953932668723
            ],
            [
              -104.5051105692693,
              40.69316511198076
            ],
            [
              -104.50514590332882,
              40.696435281181294
            ],
            [
              -104.49615562950741,
              40.69647765091751
            ],
            [
              -104.4956024034013,
              40.69647776114426
            ],
            [
              -104.48665348921064,
              40.69651985607872
            ],
            [
              -104.48663619649903,
              40.700144017204174
            ],
            [
              -104.48661889698755,
              40.70376826696399
            ],
            [
              -104.48660159557741,
              40.707392515327946
            ],
            [
              -104.4865842912539,
              40.71101667221488
            ],
            [
              -104.48655365086769,
              40.71465013444908
            ],
            [
              -104.48652312316167,
              40.718283593524255
            ],
            [
              -104.49127456598909,
              40.71826985488437
            ],
            [
              -104.49602600931502,
              40.71825591715041
            ],
            [
              -104.50077733586716,
              40.71824178472055
            ],
            [
              -104.50552883422664,
              40.71822747087848
            ],
            [
              -104.5055077301254,
              40.72186259735043
            ],
            [
              -104.50548662236922,
              40.72549781327372
            ],
            [
              -104.51023386453286,
              40.72548842185179
            ],
            [
              -104.51498110498056,
              40.72547910634904
            ],
            [
              -104.51972834637205,
              40.72546968577321
            ],
            [
              -104.52447558255662,
              40.72546033928599
            ],
            [
              -104.52447520965721,
              40.72554350823238
            ],
            [
              -104.52447191288951,
              40.7262744986722
            ],
            [
              -104.5244592313251,
              40.72908773811018
            ],
            [
              -104.52444287457408,
              40.73271522905747
            ],
            [
              -104.52107028209174,
              40.73272567175094
            ],
            [
              -104.51495249968295,
              40.73274436798899
            ],
            [
              -104.51492376615214,
              40.74000881016336
            ],
            [
              -104.51018063422487,
              40.74002822706321
            ],
            [
              -104.50543749334642,
              40.7400476328532
            ],
            [
              -104.50066877433915,
              40.74006682276148
            ],
            [
              -104.49590021909496,
              40.74008600906458
            ],
            [
              -104.49588767586604,
              40.74372340739928
            ],
            [
              -104.49587524739096,
              40.747360717792866
            ],
            [
              -104.49110510447504,
              40.74737987432074
            ],
            [
              -104.48633495884935,
              40.74739883659549
            ],
            [
              -104.48632106878796,
              40.751035949666736
            ],
            [
              -104.48630718187634,
              40.75467314311443
            ],
            [
              -104.48632213634608,
              40.75831901764208
            ],
            [
              -104.48633708896871,
              40.76196480311881
            ],
            [
              -104.48635192459513,
              40.765610674138806
            ],
            [
              -104.48636687668281,
              40.769256543560545
            ],
            [
              -104.47669580704968,
              40.769298863309736
            ],
            [
              -104.46725630861629,
              40.769365671955825
            ],
            [
              -104.46723360165524,
              40.77308550673486
            ],
            [
              -104.46721100684789,
              40.77680543067496
            ],
            [
              -104.46719223889771,
              40.78047654204247
            ],
            [
              -104.46717285500343,
              40.78423881509309
            ],
            [
              -104.47665106061262,
              40.78418949035088
            ],
            [
              -104.48140337187188,
              40.78418031166616
            ],
            [
              -104.48648020310256,
              40.784169412320864
            ],
            [
              -104.48654790709827,
              40.78781433494008
            ],
            [
              -104.48661549516193,
              40.79145925466722
            ],
            [
              -104.48668320903262,
              40.79510416998501
            ],
            [
              -104.48675093135924,
              40.798749084361894
            ],
            [
              -104.49139606908221,
              40.79869064522805
            ],
            [
              -104.49604131693764,
              40.79863220050429
            ],
            [
              -104.50068655648855,
              40.79857374646089
            ],
            [
              -104.50533171037118,
              40.79851538690259
            ],
            [
              -104.5053531696591,
              40.794840413501355
            ],
            [
              -104.5053747448851,
              40.79116553017467
            ],
            [
              -104.50539619451065,
              40.78749064392312
            ],
            [
              -104.50541764175739,
              40.783815755812334
            ],
            [
              -104.51014893224439,
              40.78374955046709
            ],
            [
              -104.51488009798878,
              40.783683512485794
            ],
            [
              -104.5196113728386,
              40.783617370079845
            ],
            [
              -104.52434252205832,
              40.78355121492976
            ],
            [
              -104.52426238615827,
              40.787258208134936
            ],
            [
              -104.52418199851569,
              40.79096519821983
            ],
            [
              -104.52410184382589,
              40.7946720973668
            ],
            [
              -104.52402155456149,
              40.79837908349669
            ],
            [
              -104.52877052562502,
              40.79830327171518
            ],
            [
              -104.53351948341958,
              40.79822744584407
            ],
            [
              -104.53826843509073,
              40.79815160414208
            ],
            [
              -104.54244268799039,
              40.798084852440184
            ],
            [
              -104.54301732868468,
              40.79807565072535
            ],
            [
              -104.54301737371021,
              40.79807565109462
            ],
            [
              -104.54301405641581,
              40.798505738843645
            ],
            [
              -104.54301738674394,
              40.79807565120154
            ],
            [
              -104.54301742939968,
              40.798075651551365
            ],
            [
              -104.5477848509853,
              40.798009045234416
            ],
            [
              -104.54851810902657,
              40.79799878016671
            ],
            [
              -104.55159703853646,
              40.79795563674968
            ],
            [
              -104.5524076851587,
              40.79794426431251
            ],
            [
              -104.5525522028051,
              40.79794223644106
            ],
            [
              -104.55508050549005,
              40.79790696350589
            ],
            [
              -104.5570761531527,
              40.79787908284542
            ],
            [
              -104.55731954363725,
              40.797875680429065
            ],
            [
              -104.55765370976361,
              40.79787100965639
            ],
            [
              -104.55803317008889,
              40.797865701289346
            ],
            [
              -104.55881322225748,
              40.79785478933042
            ],
            [
              -104.56208705395557,
              40.79780893107926
            ],
            [
              -104.5620829572997,
              40.798249865506456
            ],
            [
              -104.56207934217218,
              40.79863908823533
            ],
            [
              -104.56205320945232,
              40.801452247230465
            ],
            [
              -104.56201929722336,
              40.80509556372472
            ],
            [
              -104.56198549626663,
              40.808738877483144
            ],
            [
              -104.56195169284523,
              40.812382101124925
            ],
            [
              -104.56676677457074,
              40.81233335402266
            ],
            [
              -104.57158184682001,
              40.81228458925628
            ],
            [
              -104.57154434039315,
              40.81590212493066
            ],
            [
              -104.57150694485298,
              40.81951974703119
            ],
            [
              -104.5714694281911,
              40.823136916077985
            ],
            [
              -104.57143202244569,
              40.82675408417106
            ],
            [
              -104.57624590235814,
              40.82670187938003
            ],
            [
              -104.58105989093805,
              40.8266496525972
            ],
            [
              -104.58101403210958,
              40.830279042775665
            ],
            [
              -104.58096816472664,
              40.83390851924375
            ],
            [
              -104.57134123788404,
              40.83401754239437
            ],
            [
              -104.56171416624687,
              40.83412585095972
            ],
            [
              -104.56175909109075,
              40.830492232154015
            ],
            [
              -104.56180412842254,
              40.82685852589524
            ],
            [
              -104.55704314062162,
              40.82692582666823
            ],
            [
              -104.5522820246054,
              40.82699311331275
            ],
            [
              -104.54752101991414,
              40.82706038056384
            ],
            [
              -104.54276000672415,
              40.82712763375702
            ],
            [
              -104.53801537621167,
              40.82719097176351
            ],
            [
              -104.5332708551411,
              40.827254296217085
            ],
            [
              -104.53330674421926,
              40.823623444308026
            ],
            [
              -104.52856198119298,
              40.82368882475496
            ],
            [
              -104.52859775448863,
              40.82005995692123
            ],
            [
              -104.52385275517895,
              40.820127126804195
            ],
            [
              -104.52381721722787,
              40.82375401511199
            ],
            [
              -104.52378167190655,
              40.827380897893974
            ],
            [
              -104.52373509998402,
              40.83100656451775
            ],
            [
              -104.52368864041411,
              40.834632227493515
            ],
            [
              -104.52364217456486,
              40.83825789211827
            ],
            [
              -104.52359570148715,
              40.84188346021131
            ],
            [
              -104.52354355015011,
              40.84548891411671
            ],
            [
              -104.52349139308218,
              40.8490944552344
            ],
            [
              -104.53299672907157,
              40.84896533705622
            ],
            [
              -104.53309459798581,
              40.8417477288748
            ],
            [
              -104.53784409506207,
              40.841679838251984
            ],
            [
              -104.54259358119931,
              40.8416119327312
            ],
            [
              -104.54735127116894,
              40.841557197381434
            ],
            [
              -104.55210883696469,
              40.84150253648615
            ],
            [
              -104.55686651231474,
              40.84144785829246
            ],
            [
              -104.56162418099778,
              40.84139316455407
            ],
            [
              -104.56157323949296,
              40.84501855509829
            ],
            [
              -104.56152240872126,
              40.848643940986946
            ],
            [
              -104.56147157592649,
              40.85226941495408
            ],
            [
              -104.56142072938768,
              40.8558947967854
            ],
            [
              -104.56137151122499,
              40.863085397104705
            ],
            [
              -104.56136193663528,
              40.86669408481504
            ],
            [
              -104.56135354574873,
              40.87012287219688
            ],
            [
              -104.55660662176658,
              40.87019894310516
            ],
            [
              -104.55185981151428,
              40.8702749977247
            ],
            [
              -104.54711286698642,
              40.8703510403508
            ],
            [
              -104.54236591275112,
              40.870427153035905
            ],
            [
              -104.54231434156112,
              40.87391783502962
            ],
            [
              -104.54226276620832,
              40.8774085125758
            ],
            [
              -104.54221118546717,
              40.88089918835279
            ],
            [
              -104.54215959103207,
              40.884389862279434
            ],
            [
              -104.53733173645479,
              40.88445103441079
            ],
            [
              -104.53250387404196,
              40.88451227271303
            ],
            [
              -104.52770465360464,
              40.88475026344044
            ],
            [
              -104.52290528527399,
              40.88498814251449
            ],
            [
              -104.52302472880602,
              40.881428125014274
            ],
            [
              -104.52314415836952,
              40.877868194592374
            ],
            [
              -104.52326357418205,
              40.87430817296116
            ],
            [
              -104.5233829748839,
              40.870748235725095
            ],
            [
              -104.51864378595216,
              40.870826651159256
            ],
            [
              -104.51390458461924,
              40.87090504901303
            ],
            [
              -104.50916536948363,
              40.870983523829224
            ],
            [
              -104.50442614797689,
              40.87106189196278
            ],
            [
              -104.49969078414911,
              40.871146844101794
            ],
            [
              -104.4949554292045,
              40.87123187822043
            ],
            [
              -104.49022018080157,
              40.87131680875562
            ],
            [
              -104.48548480374647,
              40.87140181378411
            ],
            [
              -104.48050159169878,
              40.871430018173676
            ],
            [
              -104.47575691994919,
              40.871456926604544
            ],
            [
              -104.47101177269327,
              40.87148345896272
            ],
            [
              -104.46627621172814,
              40.87150992591925
            ],
            [
              -104.46627617334376,
              40.87150671035548
            ],
            [
              -104.46626680105858,
              40.87150676107957
            ],
            [
              -104.46630474295004,
              40.869428287400744
            ],
            [
              -104.46633366734241,
              40.867843560202516
            ],
            [
              -104.46639946281337,
              40.86421353168954
            ],
            [
              -104.46172243819413,
              40.864243600877415
            ],
            [
              -104.45704529320629,
              40.86427347995011
            ],
            [
              -104.4571774218892,
              40.86064547802659
            ],
            [
              -104.45730941511941,
              40.857017562889986
            ],
            [
              -104.45264634105854,
              40.85705688141341
            ],
            [
              -104.44798326594994,
              40.85709618849913
            ],
            [
              -104.44333265024005,
              40.85713437936153
            ],
            [
              -104.43868191240416,
              40.857172650533656
            ],
            [
              -104.43403128768742,
              40.85721082494156
            ],
            [
              -104.43041807820866,
              40.857240564046236
            ],
            [
              -104.42938065702893,
              40.857249080714844
            ],
            [
              -104.42944547247387,
              40.853606184314216
            ],
            [
              -104.42951027617684,
              40.84996328218688
            ],
            [
              -104.4295751925825,
              40.84632037909048
            ],
            [
              -104.42963997716873,
              40.84267756375338
            ],
            [
              -104.43439366882237,
              40.842661868459025
            ],
            [
              -104.43914747635998,
              40.84264615991651
            ],
            [
              -104.44390116244962,
              40.84263052511861
            ],
            [
              -104.44865496211396,
              40.842614875241125
            ],
            [
              -104.44870576716458,
              40.83898702208098
            ],
            [
              -104.44875656059429,
              40.83535925424908
            ],
            [
              -104.44880746581462,
              40.83173148912101
            ],
            [
              -104.44885824346986,
              40.828103717351674
            ],
            [
              -104.4488426347999,
              40.82445824088898
            ],
            [
              -104.44882690474323,
              40.82081267042721
            ],
            [
              -104.44881117138615,
              40.81716718805486
            ],
            [
              -104.44879556079388,
              40.81352161481231
            ],
            [
              -104.44403378869131,
              40.813547327329324
            ],
            [
              -104.4392721299164,
              40.81357302134225
            ],
            [
              -104.43451046680624,
              40.81359879124965
            ],
            [
              -104.42974868727651,
              40.813624453211254
            ],
            [
              -104.4250027232103,
              40.81365765287986
            ],
            [
              -104.42025664161949,
              40.813690749473956
            ],
            [
              -104.41551067225166,
              40.81372382976659
            ],
            [
              -104.41076458011045,
              40.81375698523642
            ],
            [
              -104.41076890667632,
              40.817384396387574
            ],
            [
              -104.41077323015236,
              40.82101180294508
            ],
            [
              -104.40599436230464,
              40.82100522795299
            ],
            [
              -104.405994539619,
              40.81738067973039
            ],
            [
              -104.40122017665783,
              40.817376767815155
            ],
            [
              -104.40122497611783,
              40.813754990237655
            ],
            [
              -104.39645511504581,
              40.81375392042055
            ],
            [
              -104.39642505689496,
              40.81011421224517
            ],
            [
              -104.39166203833223,
              40.81011334381377
            ],
            [
              -104.39163858264018,
              40.80647384858047
            ],
            [
              -104.38688988872353,
              40.80650943225949
            ],
            [
              -104.38687219280072,
              40.80287140333051
            ],
            [
              -104.38212902066898,
              40.80290835654586
            ],
            [
              -104.3821169615465,
              40.79927197695482
            ],
            [
              -104.38685449420294,
              40.799233288776165
            ],
            [
              -104.38717159512561,
              40.799230710172914
            ],
            [
              -104.39159190685758,
              40.799194671931765
            ],
            [
              -104.39158695210048,
              40.79558021956637
            ],
            [
              -104.39158211746066,
              40.79196576839938
            ],
            [
              -104.39157715656313,
              40.78835131250236
            ],
            [
              -104.39157231461576,
              40.78473685602057
            ],
            [
              -104.3874096225907,
              40.7847632058967
            ],
            [
              -104.38683588795891,
              40.78476682653656
            ],
            [
              -104.38209946117927,
              40.7847967876114
            ],
            [
              -104.37736314689454,
              40.784826734925694
            ],
            [
              -104.37262670786305,
              40.78485675535719
            ],
            [
              -104.36813271791527,
              40.78484124554685
            ],
            [
              -104.36335073672241,
              40.78482451301159
            ],
            [
              -104.36338148121449,
              40.781205115806145
            ],
            [
              -104.36341234833041,
              40.777572204122635
            ],
            [
              -104.35861934841618,
              40.777547737258494
            ],
            [
              -104.35865413608151,
              40.77390304722483
            ],
            [
              -104.35386517780962,
              40.77385615522715
            ],
            [
              -104.35390399493278,
              40.77018914690573
            ],
            [
              -104.36347386190866,
              40.77032736507449
            ],
            [
              -104.36824791213277,
              40.77035864201457
            ],
            [
              -104.37281866357719,
              40.77038699521379
            ],
            [
              -104.37752133948719,
              40.77033479929023
            ],
            [
              -104.38222400746969,
              40.7702825947692
            ],
            [
              -104.38692667353234,
              40.77023037720549
            ],
            [
              -104.38764875676455,
              40.77022236894214
            ],
            [
              -104.39162932819585,
              40.770178147409354
            ],
            [
              -104.3963413668748,
              40.770136135623495
            ],
            [
              -104.40105327829482,
              40.77009411244547
            ],
            [
              -104.40576518539375,
              40.77005216729956
            ],
            [
              -104.4104772084369,
              40.77001011669221
            ],
            [
              -104.41048113574418,
              40.77368394751353
            ],
            [
              -104.41048505872709,
              40.77735777469413
            ],
            [
              -104.41049335908042,
              40.781005766773674
            ],
            [
              -104.41050161780367,
              40.78464465828308
            ],
            [
              -104.41051724139925,
              40.788281785060235
            ],
            [
              -104.41053274465162,
              40.79191890622916
            ],
            [
              -104.41526486620673,
              40.791882624791604
            ],
            [
              -104.41999710384304,
              40.79184605709089
            ],
            [
              -104.42472921878775,
              40.791809386428106
            ],
            [
              -104.4294613321665,
              40.79177252117156
            ],
            [
              -104.42943439588639,
              40.78814615504647
            ],
            [
              -104.42940757268951,
              40.78451978458602
            ],
            [
              -104.43413009740746,
              40.78449051660905
            ],
            [
              -104.43885273104988,
              40.78446132775928
            ],
            [
              -104.44357536752591,
              40.78443203424823
            ],
            [
              -104.4482979956683,
              40.78440281968908
            ],
            [
              -104.44832703424355,
              40.78069104376258
            ],
            [
              -104.44835577049491,
              40.7770292642668
            ],
            [
              -104.44838695846018,
              40.77332812435493
            ],
            [
              -104.44841802470019,
              40.769626894152665
            ],
            [
              -104.44368077962447,
              40.76965865836378
            ],
            [
              -104.43894352707339,
              40.769690497609275
            ],
            [
              -104.43420615137092,
              40.769722234320454
            ],
            [
              -104.42946889609952,
              40.76975404542851
            ],
            [
              -104.42947897261385,
              40.76612145052267
            ],
            [
              -104.42948892576315,
              40.76248894378687
            ],
            [
              -104.42949899770164,
              40.75885634284212
            ],
            [
              -104.42950894532159,
              40.755223741832125
            ],
            [
              -104.42476707645926,
              40.75527741046016
            ],
            [
              -104.42002519747923,
              40.755330973594866
            ],
            [
              -104.41528331489364,
              40.75538461591365
            ],
            [
              -104.41054154182078,
              40.755438151154145
            ],
            [
              -104.41055572323171,
              40.751777823877525
            ],
            [
              -104.41057004195828,
              40.748117399862956
            ],
            [
              -104.41058425374725,
              40.744456971403494
            ],
            [
              -104.41059858212317,
              40.740796628859535
            ],
            [
              -104.40588144581096,
              40.74084658959271
            ],
            [
              -104.40116442013291,
              40.74089662624509
            ],
            [
              -104.39644726967364,
              40.74094665194787
            ],
            [
              -104.39173023277648,
              40.74099657259001
            ],
            [
              -104.38812838806506,
              40.74103833068427
            ],
            [
              -104.3870280706928,
              40.74105106533815
            ],
            [
              -104.38232590045209,
              40.74110554584546
            ],
            [
              -104.37762372674916,
              40.74116001595772
            ],
            [
              -104.37292154366862,
              40.74121447471734
            ],
            [
              -104.37292870786212,
              40.73746518635732
            ],
            [
              -104.37293586881655,
              40.73371589794887
            ],
            [
              -104.36801606457577,
              40.7337076257445
            ],
            [
              -104.36567044273885,
              40.73370356479283
            ],
            [
              -104.36567434339288,
              40.72995211848556
            ],
            [
              -104.36567810537113,
              40.726205932071736
            ],
            [
              -104.3680255948929,
              40.72620964431166
            ],
            [
              -104.37295030077921,
              40.72621730870078
            ],
            [
              -104.37295346091042,
              40.722539699997434
            ],
            [
              -104.37295662071215,
              40.71886208609964
            ],
            [
              -104.37766790957956,
              40.71883010249062
            ],
            [
              -104.37767776842678,
              40.71148281499133
            ],
            [
              -104.38239260172229,
              40.71145885408492
            ],
            [
              -104.38470163693566,
              40.71144709329749
            ],
            [
              -104.3846674143555,
              40.72611649524256
            ],
            [
              -104.38707351569526,
              40.7260957753432
            ],
            [
              -104.38837398682412,
              40.72608460404458
            ],
            [
              -104.39178124421234,
              40.726055269105
            ],
            [
              -104.39179150255603,
              40.722394179037835
            ],
            [
              -104.39180176241959,
              40.718732996482515
            ],
            [
              -104.39181201374403,
              40.7150719014756
            ],
            [
              -104.39182226419264,
              40.71141071578871
            ],
            [
              -104.39183104026799,
              40.70775528196018
            ],
            [
              -104.39183969225016,
              40.704099848181535
            ],
            [
              -104.39184845953885,
              40.700444321281864
            ],
            [
              -104.39185710252718,
              40.69678888001619
            ],
            [
              -104.39655397249636,
              40.69676480277472
            ],
            [
              -104.40130658888158,
              40.696740516200556
            ],
            [
              -104.40133404599213,
              40.696740475241064
            ],
            [
              -104.40132469007743,
              40.69384744210941
            ],
            [
              -104.40131311034284,
              40.69022432366241
            ],
            [
              -104.40130154523695,
              40.68659957933177
            ],
            [
              -104.40128985975011,
              40.682974744269444
            ],
            [
              -104.40603048571461,
              40.682937512083676
            ],
            [
              -104.4107709825957,
              40.682900356884794
            ],
            [
              -104.4155276121058,
              40.68287182543314
            ],
            [
              -104.42028424275193,
              40.68284336816737
            ],
            [
              -104.42504086415472,
              40.682814895832365
            ],
            [
              -104.42979748694155,
              40.682786410327786
            ],
            [
              -104.4297612539498,
              40.67915271058243
            ],
            [
              -104.42972490042858,
              40.67551909572528
            ],
            [
              -104.42497990508897,
              40.67554944430532
            ],
            [
              -104.42023479061703,
              40.67557968226402
            ],
            [
              -104.42021006682769,
              40.67194738568799
            ],
            [
              -104.42018534538336,
              40.66831517878172
            ],
            [
              -104.41545185062161,
              40.66834690283209
            ],
            [
              -104.41071846796093,
              40.668378615695566
            ],
            [
              -104.41075876212413,
              40.66474403250912
            ],
            [
              -104.41079904479696,
              40.661109448884126
            ],
            [
              -104.41083932196591,
              40.65747486038824
            ],
            [
              -104.41087971274844,
              40.653840360011976
            ],
            [
              -104.40614229047247,
              40.653869707085356
            ],
            [
              -104.40140498777495,
              40.65389903638414
            ],
            [
              -104.39666768010967,
              40.65392844310765
            ],
            [
              -104.39193036565769,
              40.65395774801817
            ],
            [
              -104.3918805361843,
              40.65759353851096
            ],
            [
              -104.39183069747298,
              40.6612294168733
            ],
            [
              -104.39178084893024,
              40.66486520296425
            ],
            [
              -104.3917309949748,
              40.66850098777202
            ],
            [
              -104.3893186163815,
              40.668506398315266
            ],
            [
              -104.38695105539098,
              40.668511661317154
            ],
            [
              -104.38217111495041,
              40.66852231429596
            ],
            [
              -104.38220490219585,
              40.67581656135829
            ],
            [
              -104.3822388142081,
              40.68310998557129
            ],
            [
              -104.38702376915589,
              40.68307962768731
            ],
            [
              -104.38907989673396,
              40.68306656031816
            ],
            [
              -104.39180872187097,
              40.683049162423856
            ],
            [
              -104.39178392865729,
              40.69030155088911
            ],
            [
              -104.39177781606062,
              40.693925926974025
            ],
            [
              -104.39177389624871,
              40.69678889277028
            ],
            [
              -104.38240609312187,
              40.69688619465521
            ],
            [
              -104.38211704852841,
              40.69688635833844
            ],
            [
              -104.37295225592953,
              40.696979473393846
            ],
            [
              -104.37295486793491,
              40.7006112767597
            ],
            [
              -104.37295759820667,
              40.70424316812768
            ],
            [
              -104.36336259816301,
              40.70425633781123
            ],
            [
              -104.35384857757812,
              40.704268622456745
            ],
            [
              -104.35382588892017,
              40.70788703318003
            ],
            [
              -104.35380331256624,
              40.711505443631275
            ],
            [
              -104.34905527747576,
              40.711497238583014
            ],
            [
              -104.34611067711258,
              40.711492221714636
            ],
            [
              -104.34430712529596,
              40.71148911088788
            ],
            [
              -104.3443065977635,
              40.71286150522922
            ],
            [
              -104.34430570840317,
              40.715178714230845
            ],
            [
              -104.34430428427014,
              40.71886831231172
            ],
            [
              -104.34430286403573,
              40.72255746213422
            ],
            [
              -104.33482088114845,
              40.72258600801665
            ],
            [
              -104.3348176525451,
              40.718881610972424
            ],
            [
              -104.33481430000887,
              40.71517721014523
            ],
            [
              -104.334810946642,
              40.711472805880796
            ],
            [
              -104.3348153231302,
              40.70787159571214
            ],
            [
              -104.3348196967694,
              40.704270382361045
            ],
            [
              -104.33482406639249,
              40.70066916492952
            ],
            [
              -104.33482831752004,
              40.69706785763047
            ],
            [
              -104.34397088682815,
              40.69704980245265
            ],
            [
              -104.34436113112427,
              40.69704985831298
            ],
            [
              -104.35344640771987,
              40.69703198808923
            ],
            [
              -104.35344913797375,
              40.69393614562149
            ],
            [
              -104.35345291771806,
              40.690315548123344
            ],
            [
              -104.35346824446604,
              40.68307799200193
            ],
            [
              -104.3582267487872,
              40.68310408315518
            ],
            [
              -104.36298537320596,
              40.683130161173594
            ],
            [
              -104.36302083788676,
              40.679482431578435
            ],
            [
              -104.36305641104708,
              40.675834701721804
            ],
            [
              -104.36309188663623,
              40.67218417503411
            ],
            [
              -104.36312735832875,
              40.66853364791221
            ],
            [
              -104.35836283916399,
              40.668539439584286
            ],
            [
              -104.35359832480788,
              40.66854512374453
            ],
            [
              -104.35361235613371,
              40.66491357496034
            ],
            [
              -104.35362626647681,
              40.66128202374593
            ],
            [
              -104.35364029113684,
              40.657650473332986
            ],
            [
              -104.35365419488909,
              40.65401891691737
            ],
            [
              -104.35841503927955,
              40.65400419753968
            ],
            [
              -104.3631757638332,
              40.653989464267184
            ],
            [
              -104.36793438628162,
              40.65397163577292
            ],
            [
              -104.37278101886398,
              40.65395346077617
            ],
            [
              -104.37289514197023,
              40.650320100985596
            ],
            [
              -104.37300924806952,
              40.64668673713822
            ],
            [
              -104.36815077435956,
              40.64669981391039
            ],
            [
              -104.36339224534511,
              40.64671233450588
            ],
            [
              -104.35929232755184,
              40.64672302500337
            ],
            [
              -104.35863099969978,
              40.646724736652786
            ],
            [
              -104.35386975238065,
              40.64673694047543
            ],
            [
              -104.35389930199378,
              40.645738515081334
            ],
            [
              -104.35391033410399,
              40.64536577755005
            ],
            [
              -104.35397078201275,
              40.64332318242621
            ],
            [
              -104.3539775067088,
              40.64309590519931
            ],
            [
              -104.35400946341969,
              40.64201597536056
            ],
            [
              -104.35408118695709,
              40.639592163202025
            ],
            [
              -104.35408524792356,
              40.639454954182646
            ],
            [
              -104.35421415454985,
              40.63581322059138
            ],
            [
              -104.35434303894378,
              40.63217148651968
            ],
            [
              -104.34955868242857,
              40.63219834109871
            ],
            [
              -104.34477444034857,
              40.63222499838928
            ],
            [
              -104.34489356597834,
              40.62858114547559
            ],
            [
              -104.3450126752288,
              40.624937287671
            ],
            [
              -104.34980665951983,
              40.62491265465812
            ],
            [
              -104.35460076255086,
              40.62488800369634
            ],
            [
              -104.35470325619039,
              40.62125629155081
            ],
            [
              -104.35480573556633,
              40.617624488144784
            ],
            [
              -104.35490820039738,
              40.61399267994945
            ],
            [
              -104.35501015866005,
              40.61038251726053
            ],
            [
              -104.35504227769144,
              40.61038248548753
            ],
            [
              -104.37424753566914,
              40.610380347503394
            ],
            [
              -104.3741436392748,
              40.61399459647472
            ],
            [
              -104.37403933857681,
              40.617618484536955
            ],
            [
              -104.37879807287182,
              40.61760218482221
            ],
            [
              -104.38355681165606,
              40.617585779731186
            ],
            [
              -104.38831543263935,
              40.6175690870715
            ],
            [
              -104.39015304681747,
              40.61756259023559
            ],
            [
              -104.39307416826033,
              40.61755220003092
            ],
            [
              -104.39294990748523,
              40.62119456071443
            ],
            [
              -104.39282574910156,
              40.62483692036799
            ],
            [
              -104.39003390242334,
              40.62484123011949
            ],
            [
              -104.3880769841294,
              40.624844210380886
            ],
            [
              -104.38332834022505,
              40.62485157257882
            ],
            [
              -104.378579575593,
              40.62485883172895
            ],
            [
              -104.37383092720837,
              40.6248661666303
            ],
            [
              -104.37368257686727,
              40.62850467451678
            ],
            [
              -104.37353420965403,
              40.632143090123805
            ],
            [
              -104.37338594314294,
              40.63578159379659
            ],
            [
              -104.37323753769381,
              40.639420094040204
            ],
            [
              -104.37800762227562,
              40.63941875844193
            ],
            [
              -104.38277759022668,
              40.63941740457943
            ],
            [
              -104.38754767647434,
              40.639416125673684
            ],
            [
              -104.38979526259953,
              40.63941549430381
            ],
            [
              -104.3923176464337,
              40.63941473755458
            ],
            [
              -104.39706135145435,
              40.639388152801
            ],
            [
              -104.40180517132998,
              40.63936164243451
            ],
            [
              -104.40654887256052,
              40.63933502592699
            ],
            [
              -104.41129256685251,
              40.639308487160626
            ],
            [
              -104.41605059721674,
              40.63927894003716
            ],
            [
              -104.42080873988851,
              40.639249381434524
            ],
            [
              -104.42061295707448,
              40.64651503639671
            ],
            [
              -104.43013985770618,
              40.64645485828461
            ],
            [
              -104.430047318047,
              40.650087133601396
            ],
            [
              -104.42995488786349,
              40.653719405145985
            ],
            [
              -104.42987923100979,
              40.65735247719432
            ],
            [
              -104.42980356806419,
              40.660985639848256
            ],
            [
              -104.4297280107578,
              40.664618708596734
            ],
            [
              -104.42965244410935,
              40.66825177512991
            ],
            [
              -104.43441449468736,
              40.668213571634965
            ],
            [
              -104.43917665885378,
              40.66817535371721
            ],
            [
              -104.44393881961338,
              40.66813711579835
            ],
            [
              -104.44870097924274,
              40.66809886420323
            ],
            [
              -104.44869649565806,
              40.6717303021979
            ],
            [
              -104.44869200899213,
              40.67536182714727
            ],
            [
              -104.44868752321788,
              40.67899325985466
            ],
            [
              -104.44868314792865,
              40.68262477961168
            ],
            [
              -104.44868534573546,
              40.686248672648055
            ],
            [
              -104.44868765849827,
              40.68987256449758
            ],
            [
              -104.45818557234294,
              40.68984256435245
            ],
            [
              -104.45808975467416,
              40.682593267044375
            ],
            [
              -104.45811705426334,
              40.67896022918559
            ],
            [
              -104.45814435205546,
              40.675327190018194
            ],
            [
              -104.46287040767913,
              40.67530953685243
            ],
            [
              -104.46759657774005,
              40.67529178120923
            ],
            [
              -104.46769677479817,
              40.66802166613877
            ],
            [
              -104.46775815040158,
              40.66466885877901
            ],
            [
              -104.46776351092201,
              40.66437600563907
            ],
            [
              -104.46777083830956,
              40.66397189716378
            ],
            [
              -104.467784012905,
              40.66325151439319
            ],
            [
              -104.4677951142351,
              40.662644379795886
            ],
            [
              -104.46783011427763,
              40.660730431865915
            ],
            [
              -104.46789683239578,
              40.657084766909634
            ],
            [
              -104.46796341895828,
              40.6534391878199
            ],
            [
              -104.47746331808457,
              40.65336930686301
            ],
            [
              -104.48221659217907,
              40.65336242176836
            ],
            [
              -104.48680342997747,
              40.65335667536889
            ],
            [
              -104.48685122579971,
              40.64971261822615
            ],
            [
              -104.48689889717619,
              40.64606846964892
            ],
            [
              -104.48692860806592,
              40.64379698193032
            ],
            [
              -104.48694655970759,
              40.642424406273946
            ],
            [
              -104.48699445227655,
              40.63878034463862
            ],
            [
              -104.49187339057374,
              40.63879857122665
            ],
            [
              -104.49675233502188,
              40.63881659425319
            ],
            [
              -104.49652418526306,
              40.64609027701819
            ],
            [
              -104.49641133892331,
              40.64972630991993
            ],
            [
              -104.5059753272558,
              40.649739605382635
            ],
            [
              -104.50615442916497,
              40.64611078237861
            ],
            [
              -104.50651091936959,
              40.63885285403938
            ],
            [
              -104.50652563309833,
              40.63522503332064
            ],
            [
              -104.50654033324089,
              40.63160003474433
            ],
            [
              -104.50645896827972,
              40.62434180198833
            ],
            [
              -104.51118714205045,
              40.624277959515084
            ],
            [
              -104.51591531010726,
              40.624214189752436
            ],
            [
              -104.52064346658862,
              40.624150409796066
            ],
            [
              -104.52537161994793,
              40.62408652605549
            ],
            [
              -104.52536053479821,
              40.62772275100502
            ],
            [
              -104.52534944501356,
              40.631358882952064
            ],
            [
              -104.5253382250355,
              40.635013210091834
            ],
            [
              -104.52532749753468,
              40.63850648894423
            ],
            [
              -104.52532704062759,
              40.638655234258884
            ],
            [
              -104.52532700154475,
              40.63866744687272
            ],
            [
              -104.52477159875573,
              40.653343883015864
            ],
            [
              -104.52475874217464,
              40.65695539696989
            ],
            [
              -104.52474588169639,
              40.660566999782986
            ]
          ],
          [
            [
              -104.48634885709411,
              40.743761626547425
            ],
            [
              -104.4863628673208,
              40.740124503255316
            ],
            [
              -104.47681933475945,
              40.74016425419767
            ],
            [
              -104.4673796295455,
              40.740223694233286
            ],
            [
              -104.46736296061,
              40.74387115982492
            ],
            [
              -104.467346286292,
              40.74751862287275
            ],
            [
              -104.47676665054239,
              40.74745954907758
            ],
            [
              -104.48633495884935,
              40.74739883659549
            ],
            [
              -104.48634885709411,
              40.743761626547425
            ]
          ],
          [
            [
              -104.46739756051763,
              40.736580827558015
            ],
            [
              -104.467415485752,
              40.732938050235575
            ],
            [
              -104.46743329087883,
              40.72929517755088
            ],
            [
              -104.46745121220675,
              40.72565239442851
            ],
            [
              -104.46272625334919,
              40.72569365321866
            ],
            [
              -104.4626934904533,
              40.732988597188196
            ],
            [
              -104.45797148824279,
              40.733038866410496
            ],
            [
              -104.45795664460304,
              40.736690484560214
            ],
            [
              -104.45794179697451,
              40.740342099296015
            ],
            [
              -104.46266071816055,
              40.74028290446862
            ],
            [
              -104.4673796295455,
              40.740223694233286
            ],
            [
              -104.46739756051763,
              40.736580827558015
            ]
          ],
          [
            [
              -104.4579864518524,
              40.729386883938574
            ],
            [
              -104.45800129069205,
              40.72573489970371
            ],
            [
              -104.4532764414287,
              40.72577613313502
            ],
            [
              -104.44855146743943,
              40.725817440535884
            ],
            [
              -104.44853958745796,
              40.729478266901914
            ],
            [
              -104.4485275880623,
              40.7331389960591
            ],
            [
              -104.45797148824279,
              40.733038866410496
            ],
            [
              -104.4579864518524,
              40.729386883938574
            ]
          ],
          [
            [
              -104.48685791463507,
              40.8060102226633
            ],
            [
              -104.48680442139126,
              40.802379610311945
            ],
            [
              -104.48675093135924,
              40.798749084361894
            ],
            [
              -104.48685791463507,
              40.8060102226633
            ]
          ],
          [
            [
              -104.47725604510089,
              40.80605874289279
            ],
            [
              -104.4772135437653,
              40.802423400981574
            ],
            [
              -104.4676822687002,
              40.80247009264858
            ],
            [
              -104.46772447951423,
              40.80610615406843
            ],
            [
              -104.46776669835673,
              40.80974221637069
            ],
            [
              -104.47729834259535,
              40.80969047713033
            ],
            [
              -104.47734087707846,
              40.81332212149593
            ],
            [
              -104.48210760036034,
              40.813297039614135
            ],
            [
              -104.48696491369834,
              40.81327135352104
            ],
            [
              -104.48691141256009,
              40.8096407449063
            ],
            [
              -104.48685791463507,
              40.8060102226633
            ],
            [
              -104.47725604510089,
              40.80605874289279
            ]
          ],
          [
            [
              -104.48699148761578,
              40.81691940602395
            ],
            [
              -104.49153780122077,
              40.81686962076381
            ],
            [
              -104.4915537095867,
              40.82416154669005
            ],
            [
              -104.50057207988873,
              40.82405310834407
            ],
            [
              -104.5005428757436,
              40.82769455537236
            ],
            [
              -104.50503348605415,
              40.82763824486054
            ],
            [
              -104.50508128835138,
              40.823998718692884
            ],
            [
              -104.50512908548342,
              40.82035918788784
            ],
            [
              -104.50517687385563,
              40.8167196551313
            ],
            [
              -104.5052246558264,
              40.813080121358624
            ],
            [
              -104.50065967481794,
              40.81312792365536
            ],
            [
              -104.49609472009348,
              40.81317573589762
            ],
            [
              -104.4915298795686,
              40.81322354353956
            ],
            [
              -104.48696491369834,
              40.81327135352104
            ],
            [
              -104.48699148761578,
              40.81691940602395
            ]
          ],
          [
            [
              -104.50989945765463,
              40.81302837415053
            ],
            [
              -104.5145742507735,
              40.81297670534588
            ],
            [
              -104.51459988008418,
              40.80934455118656
            ],
            [
              -104.5146253928969,
              40.805712389720426
            ],
            [
              -104.5052782512224,
              40.80579771514049
            ],
            [
              -104.50525145564399,
              40.809438875062106
            ],
            [
              -104.5052246558264,
              40.813080121358624
            ],
            [
              -104.50989945765463,
              40.81302837415053
            ]
          ],
          [
            [
              -104.43424665674989,
              40.75517093844541
            ],
            [
              -104.43898423952808,
              40.75511811978213
            ],
            [
              -104.44372193879205,
              40.75506528717739
            ],
            [
              -104.44845962782401,
              40.755012441274765
            ],
            [
              -104.44847060095275,
              40.751374522145966
            ],
            [
              -104.44848171055816,
              40.747736503577684
            ],
            [
              -104.44849282469276,
              40.74409856901197
            ],
            [
              -104.44850381564915,
              40.74046063175745
            ],
            [
              -104.4437660046832,
              40.740495737052775
            ],
            [
              -104.43902807120246,
              40.74053082435255
            ],
            [
              -104.4342902504884,
              40.74056598945277
            ],
            [
              -104.4295524267531,
              40.74060114034646
            ],
            [
              -104.42954154683275,
              40.74425682099324
            ],
            [
              -104.42953066927065,
              40.74791249824021
            ],
            [
              -104.42951979909148,
              40.75156807935952
            ],
            [
              -104.42950894532159,
              40.755223741832125
            ],
            [
              -104.43424665674989,
              40.75517093844541
            ]
          ],
          [
            [
              -104.47262063602317,
              40.696502215970135
            ],
            [
              -104.47254400058813,
              40.693397944711116
            ],
            [
              -104.46781347741006,
              40.69343544965164
            ],
            [
              -104.46785874143224,
              40.69649207186341
            ],
            [
              -104.472370775399,
              40.69650167836386
            ],
            [
              -104.47262063602317,
              40.696502215970135
            ]
          ],
          [
            [
              -104.42490935878425,
              40.71130918357702
            ],
            [
              -104.42017393994213,
              40.71130658170621
            ],
            [
              -104.41543863818794,
              40.71130396320783
            ],
            [
              -104.41070321910894,
              40.71130133220907
            ],
            [
              -104.41069032780665,
              40.71496368221532
            ],
            [
              -104.41067754603668,
              40.718626121790045
            ],
            [
              -104.4106646447964,
              40.72228846595884
            ],
            [
              -104.41065186020083,
              40.725950899732275
            ],
            [
              -104.41538849232869,
              40.72592002925353
            ],
            [
              -104.42012524294415,
              40.725889057487315
            ],
            [
              -104.4248618689706,
              40.72585815778992
            ],
            [
              -104.42959861089514,
              40.725827245929075
            ],
            [
              -104.42961006827808,
              40.722198403458286
            ],
            [
              -104.4296216427898,
              40.7185695569935
            ],
            [
              -104.42963321266566,
              40.71494062167676
            ],
            [
              -104.42964477750216,
              40.71131177223216
            ],
            [
              -104.42490935878425,
              40.71130918357702
            ]
          ],
          [
            [
              -104.43908679869917,
              40.72218069085124
            ],
            [
              -104.44856340982673,
              40.72216247234346
            ],
            [
              -104.44857534951689,
              40.71850758995544
            ],
            [
              -104.44858728791361,
              40.714852703341734
            ],
            [
              -104.44859922161672,
              40.71119772693125
            ],
            [
              -104.44386070543172,
              40.71122625881841
            ],
            [
              -104.43912206642545,
              40.71125477886157
            ],
            [
              -104.43438342297786,
              40.71128328452626
            ],
            [
              -104.4343601000009,
              40.71855431325847
            ],
            [
              -104.43909855489552,
              40.71853896242378
            ],
            [
              -104.43908679869917,
              40.72218069085124
            ]
          ],
          [
            [
              -104.44665221914651,
              40.682717129556835
            ],
            [
              -104.446654456023,
              40.68329353739961
            ],
            [
              -104.44741162985025,
              40.68329182848081
            ],
            [
              -104.44740938532578,
              40.68271542064169
            ],
            [
              -104.44665221914651,
              40.682717129556835
            ]
          ],
          [
            [
              -104.46277444770648,
              40.79522244731589
            ],
            [
              -104.45802574822672,
              40.79525952059316
            ],
            [
              -104.45812259836326,
              40.798905576175635
            ],
            [
              -104.46288126853275,
              40.79886980919157
            ],
            [
              -104.46277444770648,
              40.79522244731589
            ]
          ],
          [
            [
              -104.45792890834794,
              40.791613551367654
            ],
            [
              -104.45319028790405,
              40.79165182237714
            ],
            [
              -104.4532770412938,
              40.79529662122377
            ],
            [
              -104.45802574822672,
              40.79525952059316
            ],
            [
              -104.45792890834794,
              40.791613551367654
            ]
          ]
        ]
      }
    },
    {
      "type": "Feature",
      "properties": {
        "patchId": "PATCH_002",
        "areaRank": 2,
        "areaAcres": 16043.8,
        "parcelCount": 34,
        "interiorEdgeRatio": 0.4009,
        "isReceiveCandidate": true
      },
      "geometry": {
        "type": "Polygon",
        "coordinates": [
          [
            [
              -104.7723205497259,
              40.78322440780215
            ],
            [
              -104.77232573731555,
              40.786860324256416
            ],
            [
              -104.77233092546501,
              40.7904962362525
            ],
            [
              -104.77233622928745,
              40.794132237247716
            ],
            [
              -104.77234141731975,
              40.79776814567864
            ],
            [
              -104.77234199391027,
              40.80140007926071
            ],
            [
              -104.77234268764944,
              40.80503192081481
            ],
            [
              -104.78189672304039,
              40.80503723473794
            ],
            [
              -104.79142479525679,
              40.805041749444634
            ],
            [
              -104.79142480115945,
              40.805046597900024
            ],
            [
              -104.7914458238947,
              40.812311479418874
            ],
            [
              -104.79148778245927,
              40.826811210149124
            ],
            [
              -104.78669807325079,
              40.82680402081521
            ],
            [
              -104.7819083667342,
              40.826796813272615
            ],
            [
              -104.77711853962553,
              40.82678958585767
            ],
            [
              -104.77232883135002,
              40.82678234184914
            ],
            [
              -104.77232374143946,
              40.83040559569058
            ],
            [
              -104.77231876336627,
              40.834028758280255
            ],
            [
              -104.77231366755608,
              40.83765200917563
            ],
            [
              -104.77230868835673,
              40.84127516701898
            ],
            [
              -104.77229050703254,
              40.84853065042399
            ],
            [
              -104.76750447344206,
              40.84851870433664
            ],
            [
              -104.7627183291324,
              40.84850664963485
            ],
            [
              -104.75793230379041,
              40.84849430586187
            ],
            [
              -104.75314616399898,
              40.8484817660923
            ],
            [
              -104.75313682390946,
              40.85210328220885
            ],
            [
              -104.75312736198812,
              40.855724887419946
            ],
            [
              -104.74834561895162,
              40.855716952327356
            ],
            [
              -104.7483647456544,
              40.86295699126194
            ],
            [
              -104.74358799276641,
              40.86295195944135
            ],
            [
              -104.74357590766114,
              40.85933049078826
            ],
            [
              -104.7340148696466,
              40.85931720286992
            ],
            [
              -104.73402927503456,
              40.86294119720718
            ],
            [
              -104.7340700224681,
              40.870143982462615
            ],
            [
              -104.72928873660435,
              40.87013528498377
            ],
            [
              -104.7245075757016,
              40.870126568223704
            ],
            [
              -104.71972641164328,
              40.87011783134199
            ],
            [
              -104.71494513285634,
              40.87010907899131
            ],
            [
              -104.71062839724219,
              40.870113997920235
            ],
            [
              -104.70585880636196,
              40.87011931030848
            ],
            [
              -104.7010913505569,
              40.870124882907334
            ],
            [
              -104.70105468220133,
              40.86280642895371
            ],
            [
              -104.70102538213315,
              40.85559140007754
            ],
            [
              -104.69624212483554,
              40.855595110753946
            ],
            [
              -104.69627596750675,
              40.8627937557028
            ],
            [
              -104.69632389650265,
              40.87013034740166
            ],
            [
              -104.69155114060659,
              40.870126500817065
            ],
            [
              -104.6867783867509,
              40.87012272939195
            ],
            [
              -104.68200563711609,
              40.870118851239155
            ],
            [
              -104.68128893845264,
              40.8701182922118
            ],
            [
              -104.67723300223989,
              40.87011504363752
            ],
            [
              -104.67718172030209,
              40.862801228520425
            ],
            [
              -104.67713846902409,
              40.8555943569033
            ],
            [
              -104.67715239540837,
              40.84836376450101
            ],
            [
              -104.67716643599817,
              40.8411330723587
            ],
            [
              -104.67718074726398,
              40.8338696729374
            ],
            [
              -104.67719516676146,
              40.82660626475268
            ],
            [
              -104.67720646637787,
              40.822986096228966
            ],
            [
              -104.67721776589916,
              40.819365928550525
            ],
            [
              -104.67722906052104,
              40.81574566984434
            ],
            [
              -104.67724035402567,
              40.81212549575421
            ],
            [
              -104.6772432429118,
              40.80850205291571
            ],
            [
              -104.67245878200255,
              40.80848252697479
            ],
            [
              -104.672463284331,
              40.804861339765516
            ],
            [
              -104.67724601293033,
              40.80487860922933
            ],
            [
              -104.67724889876582,
              40.80125516276217
            ],
            [
              -104.67725178077778,
              40.797631805440105
            ],
            [
              -104.68202943788519,
              40.7976360691
            ],
            [
              -104.68203662212996,
              40.790380068104255
            ],
            [
              -104.68204360803128,
              40.7832057715605
            ],
            [
              -104.68204368794855,
              40.78312342980941
            ],
            [
              -104.68432424887938,
              40.78312561085152
            ],
            [
              -104.6868258773531,
              40.783127953915866
            ],
            [
              -104.68729262358332,
              40.783128393244496
            ],
            [
              -104.68732690241015,
              40.78312842672672
            ],
            [
              -104.69160818593271,
              40.78313237466436
            ],
            [
              -104.69628204567164,
              40.78313667713504
            ],
            [
              -104.69639037691589,
              40.78313677596016
            ],
            [
              -104.69710076771942,
              40.783133830098635
            ],
            [
              -104.70500826295542,
              40.78310076399639
            ],
            [
              -104.70592570418857,
              40.783096892372726
            ],
            [
              -104.71069233040039,
              40.78308273487447
            ],
            [
              -104.71488698007374,
              40.78307084009186
            ],
            [
              -104.71488762809126,
              40.78331738336956
            ],
            [
              -104.7148896977605,
              40.78410227289873
            ],
            [
              -104.71489654319345,
              40.786699016519954
            ],
            [
              -104.71490623172271,
              40.79032719114703
            ],
            [
              -104.71491579803062,
              40.79395536409304
            ],
            [
              -104.71492548504327,
              40.79758353337591
            ],
            [
              -104.71971504857528,
              40.79760365218825
            ],
            [
              -104.72450473021667,
              40.797623752574495
            ],
            [
              -104.72929429786136,
              40.79764392574154
            ],
            [
              -104.7340839883779,
              40.797664081404385
            ],
            [
              -104.73409590590215,
              40.79403515205543
            ],
            [
              -104.73410794433607,
              40.790406309090464
            ],
            [
              -104.73411985823334,
              40.78677746356198
            ],
            [
              -104.73413188691242,
              40.783148617055495
            ],
            [
              -104.73412325545873,
              40.77952972095247
            ],
            [
              -104.73411477181786,
              40.77590352260254
            ],
            [
              -104.73888930508355,
              40.77591722669347
            ],
            [
              -104.74366396099406,
              40.77593063978186
            ],
            [
              -104.74843863553455,
              40.77594394939405
            ],
            [
              -104.74845627583939,
              40.783174089820406
            ],
            [
              -104.75323104598306,
              40.78318262585931
            ],
            [
              -104.75800350782347,
              40.783193052717316
            ],
            [
              -104.76277585327077,
              40.783203552851404
            ],
            [
              -104.76754820279575,
              40.7832139451255
            ],
            [
              -104.7723205497259,
              40.78322440780215
            ]
          ],
          [
            [
              -104.71015805201031,
              40.79760231653672
            ],
            [
              -104.70590852497511,
              40.79761890238621
            ],
            [
              -104.7059019123591,
              40.801241992032125
            ],
            [
              -104.70590197216893,
              40.801244056450074
            ],
            [
              -104.70589529301336,
              40.804869207870546
            ],
            [
              -104.71066560492795,
              40.80485461053344
            ],
            [
              -104.71493844851328,
              40.80484147139824
            ],
            [
              -104.71493195619976,
              40.801206567840424
            ],
            [
              -104.71492548504327,
              40.79758353337591
            ],
            [
              -104.71015805201031,
              40.79760231653672
            ]
          ],
          [
            [
              -104.73408606807713,
              40.80493109208731
            ],
            [
              -104.73408716423967,
              40.8085645518441
            ],
            [
              -104.73408826186719,
              40.81219809712208
            ],
            [
              -104.73887040874718,
              40.81220082877585
            ],
            [
              -104.74365243782371,
              40.812203544724575
            ],
            [
              -104.74365543330757,
              40.808572979547186
            ],
            [
              -104.74365693074512,
              40.80675786995814
            ],
            [
              -104.7436569335988,
              40.806752442523006
            ],
            [
              -104.74365842944917,
              40.804942322492664
            ],
            [
              -104.7484445532574,
              40.80494764107582
            ],
            [
              -104.75323073228604,
              40.80495287357979
            ],
            [
              -104.75323428433424,
              40.80313546838205
            ],
            [
              -104.75323781901291,
              40.801324744733385
            ],
            [
              -104.74366142470485,
              40.80131139436083
            ],
            [
              -104.73887325525136,
              40.801304566019425
            ],
            [
              -104.73408509029619,
              40.801297544832856
            ],
            [
              -104.73408606807713,
              40.80493109208731
            ]
          ],
          [
            [
              -104.72930407394837,
              40.81217345074203
            ],
            [
              -104.72451988753299,
              40.81214878293871
            ],
            [
              -104.72451966910823,
              40.815773676165904
            ],
            [
              -104.72451945064971,
              40.8193985657461
            ],
            [
              -104.73408459870534,
              40.8194475087734
            ],
            [
              -104.73408643275522,
              40.815822805236934
            ],
            [
              -104.73408826186719,
              40.81219809712208
            ],
            [
              -104.72930407394837,
              40.81217345074203
            ]
          ],
          [
            [
              -104.74841333958081,
              40.82672016686692
            ],
            [
              -104.74363586744711,
              40.82671243126898
            ],
            [
              -104.7388583942114,
              40.826704591091016
            ],
            [
              -104.73408092634483,
              40.826696912027856
            ],
            [
              -104.7340712586176,
              40.83032150361576
            ],
            [
              -104.73406159237223,
              40.83394618156609
            ],
            [
              -104.73405180394228,
              40.83757076855169
            ],
            [
              -104.73404213199096,
              40.84119544262475
            ],
            [
              -104.73882288221574,
              40.84120619244774
            ],
            [
              -104.74360363092873,
              40.84121701576103
            ],
            [
              -104.74838438273156,
              40.84122782164258
            ],
            [
              -104.75316507569997,
              40.84123863491026
            ],
            [
              -104.75317146668671,
              40.837610977799805
            ],
            [
              -104.75317785913917,
              40.833983228710366
            ],
            [
              -104.75318424513276,
              40.830355567708324
            ],
            [
              -104.75319075270326,
              40.82672799472746
            ],
            [
              -104.74841333958081,
              40.82672016686692
            ]
          ],
          [
            [
              -104.69149250607154,
              40.84836285391158
            ],
            [
              -104.69627262081394,
              40.848362215723526
            ],
            [
              -104.69628774938263,
              40.84474567530844
            ],
            [
              -104.6963029878896,
              40.841129221068066
            ],
            [
              -104.69151888000783,
              40.84113021202629
            ],
            [
              -104.69150569259995,
              40.844746532131104
            ],
            [
              -104.68672364159448,
              40.84474719675707
            ],
            [
              -104.68671250749208,
              40.84836329453777
            ],
            [
              -104.69149250607154,
              40.84836285391158
            ]
          ],
          [
            [
              -104.71495450109231,
              40.83021807608356
            ],
            [
              -104.71495711868376,
              40.82659833593098
            ],
            [
              -104.71066127317378,
              40.82661790321965
            ],
            [
              -104.7058874792403,
              40.8266392445411
            ],
            [
              -104.7058809570472,
              40.83025429108165
            ],
            [
              -104.70587442810255,
              40.833869242947955
            ],
            [
              -104.7149518830731,
              40.83383772249126
            ],
            [
              -104.71495450109231,
              40.83021807608356
            ]
          ],
          [
            [
              -104.76277374232517,
              40.81685790278036
            ],
            [
              -104.76277366248019,
              40.81691469797532
            ],
            [
              -104.76277202154422,
              40.818100980846886
            ],
            [
              -104.76277060047282,
              40.81912690312249
            ],
            [
              -104.76277007738209,
              40.81950418701877
            ],
            [
              -104.7648813220973,
              40.81951193135345
            ],
            [
              -104.76892367948926,
              40.81952665192132
            ],
            [
              -104.76898612347641,
              40.81952687822303
            ],
            [
              -104.76924486995868,
              40.81952781494381
            ],
            [
              -104.76947754287718,
              40.81952865904871
            ],
            [
              -104.76954513354858,
              40.81952890285445
            ],
            [
              -104.76959883816065,
              40.819529096649106
            ],
            [
              -104.77233639850088,
              40.81953897125691
            ],
            [
              -104.77234395799208,
              40.81229559231382
            ],
            [
              -104.77234338026864,
              40.80866375874056
            ],
            [
              -104.76278350483722,
              40.808622503308364
            ],
            [
              -104.7627802465916,
              40.8122523492485
            ],
            [
              -104.76277512427775,
              40.815878221090784
            ],
            [
              -104.76277406637313,
              40.81662596277824
            ],
            [
              -104.76277394976113,
              40.81671092146224
            ],
            [
              -104.76277389533554,
              40.816748497054334
            ],
            [
              -104.76277374232517,
              40.81685790278036
            ]
          ],
          [
            [
              -104.71520068281225,
              40.855554760090456
            ],
            [
              -104.71969718819884,
              40.85558787175161
            ],
            [
              -104.7244648602118,
              40.855622969713295
            ],
            [
              -104.7244796529468,
              40.848380025736695
            ],
            [
              -104.71493808779009,
              40.848314932938905
            ],
            [
              -104.71493368451891,
              40.85193384447893
            ],
            [
              -104.71492964745275,
              40.85534676925691
            ],
            [
              -104.71492940288198,
              40.85555275576374
            ],
            [
              -104.71520068281225,
              40.855554760090456
            ]
          ]
        ]
      }
    },
    {
      "type": "Feature",
      "properties": {
        "patchId": "PATCH_003",
        "areaRank": 3,
        "areaAcres": 15766.6,
        "parcelCount": 54,
        "interiorEdgeRatio": 0.3927,
        "isReceiveCandidate": true
      },
      "geometry": {
        "type": "Polygon",
        "coordinates": [
          [
            [
              -103.91554721791724,
              40.624909589215555
            ],
            [
              -103.91548853943893,
              40.62854621026949
            ],
            [
              -103.91542984278259,
              40.63218282911583
            ],
            [
              -103.91537114098853,
              40.63581944411595
            ],
            [
              -103.91531254271372,
              40.63945606033734
            ],
            [
              -103.92007937607407,
              40.639649712016606
            ],
            [
              -103.92484623762833,
              40.63984343509655
            ],
            [
              -103.92496236198362,
              40.63257135407996
            ],
            [
              -103.92507857499442,
              40.62529854040759
            ],
            [
              -103.9298442941246,
              40.625493127662175
            ],
            [
              -103.93460992756354,
              40.62568760649894
            ],
            [
              -103.93937540429786,
              40.62572964283306
            ],
            [
              -103.94414088644986,
              40.625771659662085
            ],
            [
              -103.9489063730609,
              40.62581375064357
            ],
            [
              -103.95367175275271,
              40.62585582512972
            ],
            [
              -103.95363975993796,
              40.62949090809028
            ],
            [
              -103.95360764330749,
              40.63312608109591
            ],
            [
              -103.95357551819036,
              40.636761160124884
            ],
            [
              -103.95354350220866,
              40.64039632686042
            ],
            [
              -103.95349267510711,
              40.644031591113205
            ],
            [
              -103.95344183537965,
              40.64766685407299
            ],
            [
              -103.95821101553788,
              40.64768679782695
            ],
            [
              -103.9629803147862,
              40.647706632410284
            ],
            [
              -103.96293749885231,
              40.65056414233073
            ],
            [
              -103.9629258587098,
              40.651341146686526
            ],
            [
              -103.96287139208401,
              40.65497565516839
            ],
            [
              -103.95810569887425,
              40.654956476863156
            ],
            [
              -103.95334012996452,
              40.65493737170984
            ],
            [
              -103.94855421809808,
              40.654903292352415
            ],
            [
              -103.94376830731873,
              40.65486928192237
            ],
            [
              -103.93898240754723,
              40.65483516582222
            ],
            [
              -103.93891648539282,
              40.658478921442494
            ],
            [
              -103.93413295087174,
              40.65844750710659
            ],
            [
              -103.93400603152905,
              40.66574019027773
            ],
            [
              -103.92923181887615,
              40.66553749355926
            ],
            [
              -103.92445764199478,
              40.66533460119696
            ],
            [
              -103.92452763632497,
              40.66169711226573
            ],
            [
              -103.9197566961997,
              40.66149846757254
            ],
            [
              -103.9149857865432,
              40.66129962652811
            ],
            [
              -103.91490925964693,
              40.664928581664924
            ],
            [
              -103.91038905152777,
              40.66505164274026
            ],
            [
              -103.90564609213223,
              40.6651805782904
            ],
            [
              -103.90090441746091,
              40.66530934755818
            ],
            [
              -103.90081730478634,
              40.668991697552414
            ],
            [
              -103.89607523221794,
              40.66913846027109
            ],
            [
              -103.89134341013171,
              40.66920107992528
            ],
            [
              -103.88661157981608,
              40.66926368296006
            ],
            [
              -103.88655877633695,
              40.67294436764858
            ],
            [
              -103.88653194826738,
              40.67481403720337
            ],
            [
              -103.88650596000453,
              40.67662504811964
            ],
            [
              -103.89123276696647,
              40.67658312187091
            ],
            [
              -103.8959595669042,
              40.676541001975856
            ],
            [
              -103.89590171578996,
              40.68024226958767
            ],
            [
              -103.89584385357944,
              40.683943533834174
            ],
            [
              -103.9005683576071,
              40.68372760793884
            ],
            [
              -103.90529283075439,
              40.68351166783268
            ],
            [
              -103.9100170218358,
              40.68329688456384
            ],
            [
              -103.91456307657364,
              40.683090230383435
            ],
            [
              -103.91933523773183,
              40.683315047110646
            ],
            [
              -103.92410743477949,
              40.68353984670119
            ],
            [
              -103.92887966536155,
              40.683764629120724
            ],
            [
              -103.92902235954759,
              40.676472304158125
            ],
            [
              -103.93379720575442,
              40.67668798914917
            ],
            [
              -103.93857644904439,
              40.67670334545491
            ],
            [
              -103.94335569837307,
              40.67671859396934
            ],
            [
              -103.94813495199942,
              40.67673355273424
            ],
            [
              -103.95291421392405,
              40.67674840643941
            ],
            [
              -103.95769200512935,
              40.67676673905603
            ],
            [
              -103.96246968261983,
              40.676784787684376
            ],
            [
              -103.96239478598544,
              40.680419455713476
            ],
            [
              -103.96231975935756,
              40.684054122564255
            ],
            [
              -103.96226149789666,
              40.68768290298819
            ],
            [
              -103.96220322541913,
              40.69131168018089
            ],
            [
              -103.96695793562834,
              40.69132888557973
            ],
            [
              -103.9669081577221,
              40.69495693824628
            ],
            [
              -103.96214491387975,
              40.69494225597579
            ],
            [
              -103.96207534569352,
              40.69927350880515
            ],
            [
              -103.95918476659824,
              40.69929263390264
            ],
            [
              -103.95730143534422,
              40.69930505847653
            ],
            [
              -103.95441570790759,
              40.699324114227196
            ],
            [
              -103.95252763959387,
              40.699306347417064
            ],
            [
              -103.94964579397984,
              40.69934200421849
            ],
            [
              -103.94487582083788,
              40.69940098085505
            ],
            [
              -103.94297316794834,
              40.69940724721743
            ],
            [
              -103.93533092072107,
              40.69950160812116
            ],
            [
              -103.9334202777857,
              40.69945223668346
            ],
            [
              -103.92579959231722,
              40.69966931490706
            ],
            [
              -103.92388898598769,
              40.69968393024439
            ],
            [
              -103.91626469685184,
              40.69990115102379
            ],
            [
              -103.91631100419288,
              40.703552676824394
            ],
            [
              -103.91635719248153,
              40.70720429043356
            ],
            [
              -103.91640349796546,
              40.710855809511024
            ],
            [
              -103.91644980744675,
              40.71450741803959
            ],
            [
              -103.91649397445856,
              40.71815963533897
            ],
            [
              -103.91653826007213,
              40.72181194181847
            ],
            [
              -103.91658242735589,
              40.725464244177594
            ],
            [
              -103.91662659439237,
              40.729116453940314
            ],
            [
              -103.90717736940677,
              40.72917221893687
            ],
            [
              -103.8976562642819,
              40.72922760528088
            ],
            [
              -103.89288967305703,
              40.72925841369601
            ],
            [
              -103.8881230839483,
              40.72928920291283
            ],
            [
              -103.88451394889302,
              40.72931252342654
            ],
            [
              -103.88335648851012,
              40.7293199791194
            ],
            [
              -103.88048611425499,
              40.72933857854033
            ],
            [
              -103.87858988590216,
              40.7293508260655
            ],
            [
              -103.87854409039284,
              40.72570120275406
            ],
            [
              -103.87849817788128,
              40.72205157618794
            ],
            [
              -103.87845238168826,
              40.71840204059582
            ],
            [
              -103.87840658790205,
              40.71475240977102
            ],
            [
              -103.88315236986807,
              40.714721545098975
            ],
            [
              -103.887898269831,
              40.71469066719088
            ],
            [
              -103.89264404877632,
              40.714659772734805
            ],
            [
              -103.89738994216833,
              40.71462886588423
            ],
            [
              -103.89736418536603,
              40.71097879745256
            ],
            [
              -103.89733842787876,
              40.707328821156196
            ],
            [
              -103.892586299841,
              40.70736029758742
            ],
            [
              -103.88783404926069,
              40.707391669551804
            ],
            [
              -103.8878019457779,
              40.70374162723399
            ],
            [
              -103.88776984219712,
              40.70009158160561
            ],
            [
              -103.88607776300667,
              40.70010344479367
            ],
            [
              -103.88617937294048,
              40.69502745859644
            ],
            [
              -103.88625306448404,
              40.69134725976057
            ],
            [
              -103.88632663525213,
              40.68766642737557
            ],
            [
              -103.88640019556688,
              40.683985593455816
            ],
            [
              -103.88167842074309,
              40.68400655809037
            ],
            [
              -103.87695652646539,
              40.68402760170592
            ],
            [
              -103.87223336588238,
              40.684011502149325
            ],
            [
              -103.86751020445845,
              40.68399538847129
            ],
            [
              -103.86278704819102,
              40.68397935442677
            ],
            [
              -103.8580637773516,
              40.68396321368922
            ],
            [
              -103.85792769053499,
              40.691340532108036
            ],
            [
              -103.85791093688674,
              40.694963169725
            ],
            [
              -103.85788591230231,
              40.70028680705113
            ],
            [
              -103.85445757342129,
              40.70031167141961
            ],
            [
              -103.85319033742753,
              40.700320834021674
            ],
            [
              -103.84969889531173,
              40.70034613720027
            ],
            [
              -103.84849475938856,
              40.700354656467795
            ],
            [
              -103.8485358030881,
              40.694962446700096
            ],
            [
              -103.84856344341149,
              40.69133496699059
            ],
            [
              -103.8485913161624,
              40.6876661398741
            ],
            [
              -103.84387330661859,
              40.68767316289067
            ],
            [
              -103.84389700117934,
              40.684014293473055
            ],
            [
              -103.84238474817461,
              40.68401977535851
            ],
            [
              -103.83917469994692,
              40.684031350966045
            ],
            [
              -103.8391356665832,
              40.691328632306465
            ],
            [
              -103.83912386980941,
              40.6949614020092
            ],
            [
              -103.83441446688357,
              40.69496195991858
            ],
            [
              -103.83439987736881,
              40.70046079878392
            ],
            [
              -103.83542256485467,
              40.700452577975454
            ],
            [
              -103.83910358627459,
              40.70042291260155
            ],
            [
              -103.8401815407823,
              40.700414933564076
            ],
            [
              -103.84022289032072,
              40.70405724283497
            ],
            [
              -103.84026411890822,
              40.707699546167994
            ],
            [
              -103.8403054666529,
              40.71134184967076
            ],
            [
              -103.84034670173855,
              40.71498414642364
            ],
            [
              -103.83560083883259,
              40.71500433169878
            ],
            [
              -103.83085497342311,
              40.715024502045864
            ],
            [
              -103.82610910891687,
              40.71504456744609
            ],
            [
              -103.82136324329805,
              40.71506470440371
            ],
            [
              -103.82131423955687,
              40.711452230144076
            ],
            [
              -103.82126535001653,
              40.707839844303635
            ],
            [
              -103.82121646556182,
              40.704227365188835
            ],
            [
              -103.82116745848393,
              40.70061488374387
            ],
            [
              -103.8249927899653,
              40.700564582404944
            ],
            [
              -103.82591541029569,
              40.70055247170545
            ],
            [
              -103.82969609543623,
              40.7005027624338
            ],
            [
              -103.8297059905519,
              40.69496232363576
            ],
            [
              -103.8297124086267,
              40.6913349061422
            ],
            [
              -103.82971898004124,
              40.68769136364117
            ],
            [
              -103.82499856962593,
              40.68769700509328
            ],
            [
              -103.82500079524661,
              40.68405616586019
            ],
            [
              -103.82501927500124,
              40.680415712163416
            ],
            [
              -103.82505628240035,
              40.67313457637482
            ],
            [
              -103.82031448950873,
              40.67315026283981
            ],
            [
              -103.8203272487054,
              40.66951217962113
            ],
            [
              -103.81558796897954,
              40.66951044358141
            ],
            [
              -103.8156098172648,
              40.665874614845364
            ],
            [
              -103.81086663693037,
              40.6658741811433
            ],
            [
              -103.81088445229196,
              40.6622397498827
            ],
            [
              -103.82037887156595,
              40.662237621728764
            ],
            [
              -103.8203530070835,
              40.66587485639272
            ],
            [
              -103.82509976138309,
              40.6658538555096
            ],
            [
              -103.82984652329127,
              40.665832663997385
            ],
            [
              -103.82982237126487,
              40.66947541099696
            ],
            [
              -103.83457004853516,
              40.66945700694841
            ],
            [
              -103.83931760648211,
              40.669438586023915
            ],
            [
              -103.8424286014615,
              40.669400511398486
            ],
            [
              -103.84404608722485,
              40.66938068162796
            ],
            [
              -103.848774561396,
              40.66932276360349
            ],
            [
              -103.85350303143684,
              40.66926482928307
            ],
            [
              -103.85823149028474,
              40.66920697494034
            ],
            [
              -103.86296054913947,
              40.6692524401504
            ],
            [
              -103.86768961831655,
              40.66929789171731
            ],
            [
              -103.87241881272269,
              40.669343421314345
            ],
            [
              -103.87714789903522,
              40.66938884553825
            ],
            [
              -103.87722973772682,
              40.66572853677093
            ],
            [
              -103.88669618849755,
              40.6655834835586
            ],
            [
              -103.89142951968081,
              40.66551079929773
            ],
            [
              -103.89151562185612,
              40.66182042898448
            ],
            [
              -103.89625021503461,
              40.66173746962164
            ],
            [
              -103.8963378030406,
              40.65803692634798
            ],
            [
              -103.896425260817,
              40.654336379071154
            ],
            [
              -103.89648273100362,
              40.65125378286137
            ],
            [
              -103.89649425556786,
              40.65063556267855
            ],
            [
              -103.8965632367619,
              40.64693474571865
            ],
            [
              -103.89663220709883,
              40.64323401380915
            ],
            [
              -103.89670116602068,
              40.639533191324624
            ],
            [
              -103.89672991473732,
              40.63591080571265
            ],
            [
              -103.89675853855489,
              40.63228841820048
            ],
            [
              -103.89678727373112,
              40.62866593748506
            ],
            [
              -103.89681599769536,
              40.625043546533384
            ],
            [
              -103.89206391442869,
              40.62514780795281
            ],
            [
              -103.8873119292872,
              40.6252520534301
            ],
            [
              -103.88728366712024,
              40.62889381559311
            ],
            [
              -103.88253190067049,
              40.62900763696395
            ],
            [
              -103.8825599370444,
              40.62535628331719
            ],
            [
              -103.88260980853583,
              40.62172054204913
            ],
            [
              -103.87785038695237,
              40.62179932845968
            ],
            [
              -103.8778928353827,
              40.618138244669154
            ],
            [
              -103.87313375036175,
              40.61815940936568
            ],
            [
              -103.86837466022043,
              40.61818046857121
            ],
            [
              -103.86833308546206,
              40.62182209707408
            ],
            [
              -103.8682913787193,
              40.62546381274473
            ],
            [
              -103.86353316291331,
              40.62546548878567
            ],
            [
              -103.85877495073834,
              40.6254671522847
            ],
            [
              -103.8588163767071,
              40.62184453624487
            ],
            [
              -103.85885767622248,
              40.618221830042124
            ],
            [
              -103.85887483685688,
              40.614589699713285
            ],
            [
              -103.85889254937433,
              40.61099039411804
            ],
            [
              -103.85893094780081,
              40.610990178355806
            ],
            [
              -103.86845744695009,
              40.61094180118683
            ],
            [
              -103.87797680954496,
              40.610893460258445
            ],
            [
              -103.89560229726155,
              40.610803955059914
            ],
            [
              -103.89710687263687,
              40.61080292852262
            ],
            [
              -103.90186339928066,
              40.610848135326854
            ],
            [
              -103.90564153822467,
              40.61088404573588
            ],
            [
              -103.9066198170115,
              40.61089332444685
            ],
            [
              -103.90655133285004,
              40.61441454383271
            ],
            [
              -103.90648283463742,
              40.61793585232873
            ],
            [
              -103.9112433559552,
              40.61794179199578
            ],
            [
              -103.91117756531797,
              40.62144210232739
            ],
            [
              -103.91560384452491,
              40.62142843645462
            ],
            [
              -103.91554721791724,
              40.624909589215555
            ]
          ]
        ]
      }
    },
    {
      "type": "Feature",
      "properties": {
        "patchId": "PATCH_004",
        "areaRank": 4,
        "areaAcres": 14462.5,
        "parcelCount": 28,
        "interiorEdgeRatio": 0.3462,
        "isReceiveCandidate": true
      },
      "geometry": {
        "type": "Polygon",
        "coordinates": [
          [
            [
              -104.64850468507578,
              40.73956683608359
            ],
            [
              -104.6532686002519,
              40.73957170274338
            ],
            [
              -104.65803239435347,
              40.73957664312149
            ],
            [
              -104.65802172712593,
              40.73594905446423
            ],
            [
              -104.65801094144268,
              40.73232146431227
            ],
            [
              -104.65800027405541,
              40.72869377983208
            ],
            [
              -104.65798948768177,
              40.725066847101786
            ],
            [
              -104.65799138998771,
              40.72506684677953
            ],
            [
              -104.65963015064669,
              40.72507163208691
            ],
            [
              -104.66274378774978,
              40.72508180064679
            ],
            [
              -104.6674980882797,
              40.72509731437461
            ],
            [
              -104.67225227761338,
              40.725112901737546
            ],
            [
              -104.67700658534999,
              40.7251284716133
            ],
            [
              -104.68178668550185,
              40.7251241894295
            ],
            [
              -104.6863437521565,
              40.72512009423515
            ],
            [
              -104.68656678881193,
              40.72511988864594
            ],
            [
              -104.68658245370236,
              40.728744884360026
            ],
            [
              -104.68659811906014,
              40.73236987856826
            ],
            [
              -104.69040601078314,
              40.732367986251454
            ],
            [
              -104.69063468165483,
              40.73236787037947
            ],
            [
              -104.69445974610619,
              40.73236583880301
            ],
            [
              -104.69615199913652,
              40.73236489880655
            ],
            [
              -104.6961612260639,
              40.735015298047166
            ],
            [
              -104.69616462440025,
              40.73599177034869
            ],
            [
              -104.6961771300914,
              40.73961855217362
            ],
            [
              -104.69621945098392,
              40.74686863910368
            ],
            [
              -104.700982803339,
              40.746851986033406
            ],
            [
              -104.70100669041818,
              40.75047847416779
            ],
            [
              -104.70577278938725,
              40.7504631194083
            ],
            [
              -104.70579952311763,
              40.754091090497504
            ],
            [
              -104.71056565541483,
              40.75407053673865
            ],
            [
              -104.71488598958277,
              40.75405129825891
            ],
            [
              -104.7148744747902,
              40.75767935066491
            ],
            [
              -104.71486307360018,
              40.7613074022238
            ],
            [
              -104.71485155524475,
              40.764935539619984
            ],
            [
              -104.71484009264336,
              40.76850762270011
            ],
            [
              -104.71483991346977,
              40.76856358629118
            ],
            [
              -104.71061654285141,
              40.76857747807332
            ],
            [
              -104.70584632576228,
              40.768592077515216
            ],
            [
              -104.70489398742697,
              40.76859309322662
            ],
            [
              -104.701014066232,
              40.76859715324038
            ],
            [
              -104.69629495384724,
              40.76860191428428
            ],
            [
              -104.6962947616664,
              40.76851957306972
            ],
            [
              -104.69628659033626,
              40.76498111648173
            ],
            [
              -104.69627834970217,
              40.76136031518637
            ],
            [
              -104.69149792289728,
              40.76136159233791
            ],
            [
              -104.68671749595774,
              40.761362670833876
            ],
            [
              -104.68508233993651,
              40.76136299271437
            ],
            [
              -104.6819370700852,
              40.76136355158302
            ],
            [
              -104.67715664652502,
              40.76136423189248
            ],
            [
              -104.67716693057524,
              40.7649866590775
            ],
            [
              -104.67717733168193,
              40.768608995390316
            ],
            [
              -104.672393754063,
              40.768591634731415
            ],
            [
              -104.6676103026941,
              40.76857470193962
            ],
            [
              -104.66763416340785,
              40.772197257862274
            ],
            [
              -104.66285229109364,
              40.772180129536714
            ],
            [
              -104.66282672648286,
              40.76855694707737
            ],
            [
              -104.65804315921295,
              40.76853962104691
            ],
            [
              -104.65807030203442,
              40.772161915475756
            ],
            [
              -104.65809744192163,
              40.7757842946441
            ],
            [
              -104.65812423163398,
              40.779406674082026
            ],
            [
              -104.65815147253959,
              40.78310328102586
            ],
            [
              -104.65337614123564,
              40.78310235995631
            ],
            [
              -104.64860069757165,
              40.78310133354792
            ],
            [
              -104.64382525184782,
              40.78310028634652
            ],
            [
              -104.63904980637794,
              40.783099314726876
            ],
            [
              -104.6390393235695,
              40.78671724893872
            ],
            [
              -104.63902871514394,
              40.79033509226638
            ],
            [
              -104.63901822641999,
              40.793952932957794
            ],
            [
              -104.63900773061087,
              40.797570771863725
            ],
            [
              -104.64378918109419,
              40.7975726669457
            ],
            [
              -104.64857063317025,
              40.79757463536684
            ],
            [
              -104.65335208568655,
              40.79757658256238
            ],
            [
              -104.65813341770394,
              40.7975785148638
            ],
            [
              -104.65812408897094,
              40.80119338380252
            ],
            [
              -104.65811464069031,
              40.804808251023424
            ],
            [
              -104.65810531108914,
              40.80842311462868
            ],
            [
              -104.65809597454228,
              40.81203807005401
            ],
            [
              -104.65331635940208,
              40.812030825870686
            ],
            [
              -104.64853675134626,
              40.81202356429935
            ],
            [
              -104.64375714210294,
              40.81201628257865
            ],
            [
              -104.6389775339751,
              40.812009077982836
            ],
            [
              -104.63898226090878,
              40.81563821033245
            ],
            [
              -104.63898687326581,
              40.81926725352609
            ],
            [
              -104.63899171727105,
              40.82289638570643
            ],
            [
              -104.63899644676903,
              40.82652542329902
            ],
            [
              -104.63421519576417,
              40.82649891451911
            ],
            [
              -104.62943395451981,
              40.82647229730684
            ],
            [
              -104.62465271360078,
              40.82644565984417
            ],
            [
              -104.61987147765363,
              40.82641909942306
            ],
            [
              -104.61988243599401,
              40.831851207476404
            ],
            [
              -104.61988614114937,
              40.833688444965595
            ],
            [
              -104.61989335427721,
              40.83732306934968
            ],
            [
              -104.61990068554816,
              40.84095778181217
            ],
            [
              -104.61513964413986,
              40.840972526298664
            ],
            [
              -104.61127744928604,
              40.84098449062191
            ],
            [
              -104.61126274162423,
              40.84098453626347
            ],
            [
              -104.61125287053856,
              40.833725596494695
            ],
            [
              -104.61123649824701,
              40.82646589077415
            ],
            [
              -104.61033199937214,
              40.82647076613622
            ],
            [
              -104.60556232058384,
              40.82649661834984
            ],
            [
              -104.60079263101441,
              40.82652245483256
            ],
            [
              -104.59545593581348,
              40.82654899031331
            ],
            [
              -104.5906696685156,
              40.82657065564325
            ],
            [
              -104.58586478137737,
              40.8266101642934
            ],
            [
              -104.58105989093805,
              40.8266496525972
            ],
            [
              -104.5810978303856,
              40.8230340132837
            ],
            [
              -104.58113588787343,
              40.8194182812128
            ],
            [
              -104.5907186180547,
              40.81936404518351
            ],
            [
              -104.59076786382562,
              40.81212634786247
            ],
            [
              -104.58598992273181,
              40.812156681049125
            ],
            [
              -104.58121197494252,
              40.81218699512191
            ],
            [
              -104.58125035136676,
              40.808555132412444
            ],
            [
              -104.5812887212531,
              40.80492318048497
            ],
            [
              -104.58132720431922,
              40.801291311399105
            ],
            [
              -104.5813655610964,
              40.79765944403687
            ],
            [
              -104.58616167441421,
              40.797648106903274
            ],
            [
              -104.59095766758722,
              40.79763683737201
            ],
            [
              -104.5909787675497,
              40.79398850603742
            ],
            [
              -104.59099998254824,
              40.79034008104118
            ],
            [
              -104.58621594447163,
              40.790342746273296
            ],
            [
              -104.58624312883481,
              40.78669033335785
            ],
            [
              -104.5814651897409,
              40.78668818560854
            ],
            [
              -104.5814983513282,
              40.78303115402618
            ],
            [
              -104.58148776167934,
              40.77958386301239
            ],
            [
              -104.5814770109118,
              40.775954777584914
            ],
            [
              -104.5814670792169,
              40.76868357262984
            ],
            [
              -104.59104559114627,
              40.76859766248319
            ],
            [
              -104.59582261136437,
              40.76857774361633
            ],
            [
              -104.60082955741602,
              40.76854914383366
            ],
            [
              -104.6008313230707,
              40.76492955140208
            ],
            [
              -104.60083308610278,
              40.76131004827923
            ],
            [
              -104.60560148191858,
              40.761298250386346
            ],
            [
              -104.61036987720841,
              40.76128634938914
            ],
            [
              -104.61513839045715,
              40.76127425072843
            ],
            [
              -104.61990678714706,
              40.76126186256505
            ],
            [
              -104.61990942082933,
              40.757640826523435
            ],
            [
              -104.61991217619308,
              40.754019787098386
            ],
            [
              -104.62467864582158,
              40.75402593536993
            ],
            [
              -104.62944523719689,
              40.75403215627345
            ],
            [
              -104.62944179616412,
              40.750409109430095
            ],
            [
              -104.6294383484205,
              40.74678605645307
            ],
            [
              -104.61989899032042,
              40.74677051374745
            ],
            [
              -104.61989250918414,
              40.74314591382302
            ],
            [
              -104.6198859114949,
              40.73952131236124
            ],
            [
              -104.61988531490894,
              40.73590294418585
            ],
            [
              -104.61988471958256,
              40.73228457090859
            ],
            [
              -104.62943042663768,
              40.732298152304914
            ],
            [
              -104.62942952128239,
              40.725056357298655
            ],
            [
              -104.63420246636711,
              40.72506068951124
            ],
            [
              -104.63897541213123,
              40.72506491272916
            ],
            [
              -104.63897583522417,
              40.72868797364193
            ],
            [
              -104.63897625948907,
              40.732310942116456
            ],
            [
              -104.64373492876794,
              40.73231384446379
            ],
            [
              -104.64849359733992,
              40.73231663989679
            ],
            [
              -104.64849914269051,
              40.73594169283739
            ],
            [
              -104.64850468507578,
              40.73956683608359
            ]
          ],
          [
            [
              -104.65803267855141,
              40.74319627182382
            ],
            [
              -104.65803296274619,
              40.74681589898499
            ],
            [
              -104.65803324343061,
              40.75043552096289
            ],
            [
              -104.65803350525545,
              40.75405513403011
            ],
            [
              -104.66280917593336,
              40.75407126394622
            ],
            [
              -104.66758472823513,
              40.7540873784246
            ],
            [
              -104.67236028657078,
              40.75410347295965
            ],
            [
              -104.6771358461916,
              40.7541195493182
            ],
            [
              -104.67712237771663,
              40.75049458409263
            ],
            [
              -104.67710888708653,
              40.746869608110636
            ],
            [
              -104.67709539668974,
              40.74324463055021
            ],
            [
              -104.67708178695511,
              40.739619650581936
            ],
            [
              -104.6723194353157,
              40.73960883209793
            ],
            [
              -104.66755708779179,
              40.73959809015864
            ],
            [
              -104.66279473967374,
              40.73958742022824
            ],
            [
              -104.65803239435347,
              40.73957664312149
            ],
            [
              -104.65803267855141,
              40.74319627182382
            ]
          ],
          [
            [
              -104.6103352901385,
              40.81924831452277
            ],
            [
              -104.61033370650627,
              40.822859496242714
            ],
            [
              -104.61987647820635,
              40.82280441620967
            ],
            [
              -104.61988136438994,
              40.81918973118963
            ],
            [
              -104.61510826826301,
              40.819219122683606
            ],
            [
              -104.6103352901385,
              40.81924831452277
            ]
          ],
          [
            [
              -104.61991946453723,
              40.801143255834134
            ],
            [
              -104.61992878871267,
              40.79753758002719
            ],
            [
              -104.61993496039013,
              40.79392279318746
            ],
            [
              -104.61994101288586,
              40.79030791366635
            ],
            [
              -104.61994706352128,
              40.786693122471256
            ],
            [
              -104.61995322841695,
              40.78307832773717
            ],
            [
              -104.6151813994704,
              40.78306737299529
            ],
            [
              -104.61040969416526,
              40.78305648875838
            ],
            [
              -104.60563786958639,
              40.78304558672723
            ],
            [
              -104.60086604772839,
              40.78303466872788
            ],
            [
              -104.60085757666374,
              40.78668431435659
            ],
            [
              -104.60084898261593,
              40.79033395725471
            ],
            [
              -104.6008403863759,
              40.7939836901935
            ],
            [
              -104.60083179039427,
              40.797633329466336
            ],
            [
              -104.60082031942977,
              40.80124737258723
            ],
            [
              -104.60080884840325,
              40.80486150130761
            ],
            [
              -104.60079737371595,
              40.80847563003403
            ],
            [
              -104.60078589423014,
              40.812089755141145
            ],
            [
              -104.6055621778374,
              40.81205736276573
            ],
            [
              -104.610338455629,
              40.81202504597755
            ],
            [
              -104.6151148509816,
              40.811992708454504
            ],
            [
              -104.61989112205391,
              40.811960354661856
            ],
            [
              -104.61990057374612,
              40.80835468775922
            ],
            [
              -104.619910022048,
              40.804748926314595
            ],
            [
              -104.61991946453723,
              40.801143255834134
            ]
          ]
        ]
      }
    },
    {
      "type": "Feature",
      "properties": {
        "patchId": "PATCH_005",
        "areaRank": 5,
        "areaAcres": 8032.2,
        "parcelCount": 15,
        "interiorEdgeRatio": 0.3374,
        "isReceiveCandidate": true
      },
      "geometry": {
        "type": "Polygon",
        "coordinates": [
          [
            [
              -104.65805976472204,
              40.84100114362913
            ],
            [
              -104.65805596166068,
              40.844620777852796
            ],
            [
              -104.65805227674609,
              40.848240410081885
            ],
            [
              -104.65328081604429,
              40.848243905850374
            ],
            [
              -104.64850935490627,
              40.84824720305461
            ],
            [
              -104.64373789689502,
              40.84825030352159
            ],
            [
              -104.63896643846967,
              40.848253208125904
            ],
            [
              -104.63897190897752,
              40.851874936227645
            ],
            [
              -104.63897749395548,
              40.855496750535565
            ],
            [
              -104.64374425743604,
              40.855492390776455
            ],
            [
              -104.64851113787883,
              40.8554881975241
            ],
            [
              -104.65327789688412,
              40.855483892576814
            ],
            [
              -104.65804477635963,
              40.85547957314816
            ],
            [
              -104.66281825218906,
              40.85550831744546
            ],
            [
              -104.66759161477017,
              40.85553695405097
            ],
            [
              -104.66763574633131,
              40.86276572171734
            ],
            [
              -104.66768027083549,
              40.87008213250958
            ],
            [
              -104.66290403048978,
              40.87006565142192
            ],
            [
              -104.65812767047537,
              40.87004915156712
            ],
            [
              -104.65811328425427,
              40.8736710788398
            ],
            [
              -104.65809877652687,
              40.87729282217213
            ],
            [
              -104.65808426498535,
              40.88091474080055
            ],
            [
              -104.65806975294079,
              40.8845365699847
            ],
            [
              -104.65804941279276,
              40.88815927808425
            ],
            [
              -104.65802907163359,
              40.891782076808376
            ],
            [
              -104.65800872591095,
              40.89540487066324
            ],
            [
              -104.65798837796355,
              40.899027662352545
            ],
            [
              -104.66277505626245,
              40.899033389341575
            ],
            [
              -104.6675617378919,
              40.89903909949178
            ],
            [
              -104.67234841815993,
              40.899044789167526
            ],
            [
              -104.67713510305087,
              40.899050552062945
            ],
            [
              -104.67708416322613,
              40.906287641684166
            ],
            [
              -104.67703329622317,
              40.91351297161898
            ],
            [
              -104.65791685839415,
              40.91348336492096
            ],
            [
              -104.63888990022774,
              40.91345389680509
            ],
            [
              -104.6246318257707,
              40.91343181452659
            ],
            [
              -104.62461536101019,
              40.913431759264725
            ],
            [
              -104.62461898566855,
              40.909816894128866
            ],
            [
              -104.61985535238944,
              40.90979997715468
            ],
            [
              -104.6198571612808,
              40.91341583362894
            ],
            [
              -104.61030418241,
              40.91340938556295
            ],
            [
              -104.61028815548667,
              40.91340937469487
            ],
            [
              -104.6102935193079,
              40.90978957245476
            ],
            [
              -104.61029888259645,
              40.90616900008467
            ],
            [
              -104.61030438318004,
              40.90254392043801
            ],
            [
              -104.61030976917948,
              40.89891884042811
            ],
            [
              -104.60553963995794,
              40.898907837561424
            ],
            [
              -104.60076963211324,
              40.89889691106527
            ],
            [
              -104.60078370098682,
              40.89527537263459
            ],
            [
              -104.6007978881986,
              40.891653829364586
            ],
            [
              -104.60081195159232,
              40.888032286610624
            ],
            [
              -104.60082613207754,
              40.88441074263908
            ],
            [
              -104.60559913050668,
              40.884423026817146
            ],
            [
              -104.61037225286898,
              40.88443529614653
            ],
            [
              -104.61514525953403,
              40.88444763794764
            ],
            [
              -104.61991826326668,
              40.88445996033172
            ],
            [
              -104.61993745856297,
              40.88083842428448
            ],
            [
              -104.61995677037523,
              40.87721688792826
            ],
            [
              -104.61997595552069,
              40.87359534854524
            ],
            [
              -104.61999525599633,
              40.86997380797306
            ],
            [
              -104.6247593878502,
              40.86998788167057
            ],
            [
              -104.6295235193535,
              40.870001941153625
            ],
            [
              -104.6294789118337,
              40.862705337534415
            ],
            [
              -104.62471003972051,
              40.8626976601943
            ],
            [
              -104.62466347666792,
              40.85546121842601
            ],
            [
              -104.61989218499407,
              40.85544936727982
            ],
            [
              -104.61989428175052,
              40.85182640724776
            ],
            [
              -104.61989637709276,
              40.84820353347156
            ],
            [
              -104.61989847216248,
              40.84458065862379
            ],
            [
              -104.61990068554816,
              40.84095778181217
            ],
            [
              -104.62466429419133,
              40.84097077418412
            ],
            [
              -104.62942802803276,
              40.84098375143679
            ],
            [
              -104.63419176026953,
              40.84099680086563
            ],
            [
              -104.63895538055048,
              40.84100974515457
            ],
            [
              -104.6389656787575,
              40.837388690296834
            ],
            [
              -104.6389758596414,
              40.83376763265777
            ],
            [
              -104.63898615557123,
              40.830146573965635
            ],
            [
              -104.63899644676903,
              40.82652542329902
            ],
            [
              -104.64376835972372,
              40.826524317845134
            ],
            [
              -104.64854015636327,
              40.82652310833393
            ],
            [
              -104.65331207157449,
              40.82652197028478
            ],
            [
              -104.65808398793837,
              40.82652081548518
            ],
            [
              -104.65807793368283,
              40.83014081122599
            ],
            [
              -104.65807188125615,
              40.83376098339644
            ],
            [
              -104.65806582449468,
              40.83738106628289
            ],
            [
              -104.65805976472204,
              40.84100114362913
            ]
          ],
          [
            [
              -104.63418981404314,
              40.89898719522807
            ],
            [
              -104.63896978655403,
              40.89900262661235
            ],
            [
              -104.63898688330812,
              40.895381181854134
            ],
            [
              -104.639004103973,
              40.89175964220941
            ],
            [
              -104.63422405291159,
              40.89174511191184
            ],
            [
              -104.62944412262932,
              40.89173038336106
            ],
            [
              -104.62466407934697,
              40.89171545932274
            ],
            [
              -104.61988415812182,
              40.89170033434909
            ],
            [
              -104.61986709858512,
              40.89532051857015
            ],
            [
              -104.61984991376377,
              40.8989406997046
            ],
            [
              -104.62462987823464,
              40.89895618720334
            ],
            [
              -104.62940984380678,
              40.89897165478508
            ],
            [
              -104.63418981404314,
              40.89898719522807
            ]
          ]
        ]
      }
    },
    {
      "type": "Feature",
      "properties": {
        "patchId": "PATCH_006",
        "areaRank": 6,
        "areaAcres": 8018.9,
        "parcelCount": 15,
        "interiorEdgeRatio": 0.3705,
        "isReceiveCandidate": true
      },
      "geometry": {
        "type": "Polygon",
        "coordinates": [
          [
            [
              -103.9530633924926,
              40.931589875444324
            ],
            [
              -103.94847089972332,
              40.931655072356094
            ],
            [
              -103.94387840085184,
              40.931720173576196
            ],
            [
              -103.9392858949621,
              40.93178527005154
            ],
            [
              -103.93469337744695,
              40.93185045718298
            ],
            [
              -103.93010584850889,
              40.93195216706693
            ],
            [
              -103.92551818394408,
              40.932053876333846
            ],
            [
              -103.92093062604027,
              40.932155582837694
            ],
            [
              -103.9163430527025,
              40.93225737769924
            ],
            [
              -103.91099374317679,
              40.932257928020086
            ],
            [
              -103.9062712481143,
              40.932257065205704
            ],
            [
              -103.89693390363914,
              40.93227524780671
            ],
            [
              -103.89682033863427,
              40.93589325460636
            ],
            [
              -103.8967067520525,
              40.93951134981593
            ],
            [
              -103.89659314847604,
              40.94312944072208
            ],
            [
              -103.89647953021249,
              40.94674753004381
            ],
            [
              -103.89206843643605,
              40.94669844189986
            ],
            [
              -103.88765722713553,
              40.94664927125421
            ],
            [
              -103.88324602734482,
              40.94660020264266
            ],
            [
              -103.87883483427251,
              40.94655105500811
            ],
            [
              -103.87882229141641,
              40.942891849916464
            ],
            [
              -103.87880962531696,
              40.93923273430268
            ],
            [
              -103.87879707436133,
              40.935573525063496
            ],
            [
              -103.87878440239048,
              40.93191431350192
            ],
            [
              -103.87864766924419,
              40.92496665273477
            ],
            [
              -103.87851094722096,
              40.91801889579325
            ],
            [
              -103.87381113640602,
              40.91809952721309
            ],
            [
              -103.8691113123007,
              40.91818015157421
            ],
            [
              -103.86441147621125,
              40.918260763490274
            ],
            [
              -103.85971175160522,
              40.918341362892136
            ],
            [
              -103.85500561982852,
              40.91834532158168
            ],
            [
              -103.85029949151294,
              40.91834926648867
            ],
            [
              -103.84559336071388,
              40.91835319752955
            ],
            [
              -103.84167919875705,
              40.91835654912374
            ],
            [
              -103.8408872310011,
              40.91835721021977
            ],
            [
              -103.84097650387109,
              40.92561170187246
            ],
            [
              -103.8410658952557,
              40.93286609742356
            ],
            [
              -103.83625952305385,
              40.93287845849738
            ],
            [
              -103.8314531494466,
              40.93289079942478
            ],
            [
              -103.83144554777721,
              40.92926784933922
            ],
            [
              -103.83143805859939,
              40.92564498770913
            ],
            [
              -103.83143045782249,
              40.922021674585984
            ],
            [
              -103.83142296942952,
              40.91839835808294
            ],
            [
              -103.83147057620356,
              40.914774879294896
            ],
            [
              -103.83151829291766,
              40.91115139898821
            ],
            [
              -103.83156589117449,
              40.90752755276928
            ],
            [
              -103.83161347349039,
              40.90390370686527
            ],
            [
              -103.8363325750843,
              40.9038732687586
            ],
            [
              -103.84105178549507,
              40.90384281913313
            ],
            [
              -103.84172304855993,
              40.903840666330865
            ],
            [
              -103.84571112847087,
              40.903827791196356
            ],
            [
              -103.85037046735414,
              40.90381275580266
            ],
            [
              -103.85502980459557,
              40.90379771028469
            ],
            [
              -103.85968914249125,
              40.90378265827726
            ],
            [
              -103.85986933464953,
              40.90015181844221
            ],
            [
              -103.86004962003324,
              40.896520976807885
            ],
            [
              -103.86022988231439,
              40.8928901335573
            ],
            [
              -103.86041011679522,
              40.88925928683802
            ],
            [
              -103.86026822740484,
              40.885654078106384
            ],
            [
              -103.86012647161643,
              40.88204877782632
            ],
            [
              -103.85998472517436,
              40.878443566193916
            ],
            [
              -103.8598429877425,
              40.87483826219403
            ],
            [
              -103.86445928745665,
              40.87481943468208
            ],
            [
              -103.86907558608313,
              40.87480050943461
            ],
            [
              -103.8736920025092,
              40.87478167273391
            ],
            [
              -103.87830829936352,
              40.87476283030746
            ],
            [
              -103.88284536861322,
              40.87476933906295
            ],
            [
              -103.88738231724756,
              40.8747759383181
            ],
            [
              -103.89191938807112,
              40.87478244860397
            ],
            [
              -103.89645634393308,
              40.87478896301686
            ],
            [
              -103.89651439352244,
              40.87836531858607
            ],
            [
              -103.89657244465636,
              40.88194176395502
            ],
            [
              -103.89663049933894,
              40.885518115411756
            ],
            [
              -103.89668867281058,
              40.88909446728711
            ],
            [
              -103.89667406987111,
              40.89268606270929
            ],
            [
              -103.89665957560882,
              40.89627765937626
            ],
            [
              -103.89664507621802,
              40.899869252109546
            ],
            [
              -103.89663056926038,
              40.903460843563344
            ],
            [
              -103.89666355503576,
              40.90705946078895
            ],
            [
              -103.8966965372756,
              40.91065817032871
            ],
            [
              -103.89672951713196,
              40.91425687401791
            ],
            [
              -103.89676249780852,
              40.917855487229644
            ],
            [
              -103.90610409943133,
              40.91780852950977
            ],
            [
              -103.91082709472481,
              40.91780976372208
            ],
            [
              -103.91614248312257,
              40.91780772778232
            ],
            [
              -103.92071434428107,
              40.91768300118962
            ],
            [
              -103.92528618904646,
              40.91755827411444
            ],
            [
              -103.92985813499389,
              40.91743354543508
            ],
            [
              -103.93442994351145,
              40.91730881464438
            ],
            [
              -103.93911454716235,
              40.91725133327908
            ],
            [
              -103.94379914439615,
              40.91719374885821
            ],
            [
              -103.94848372973942,
              40.917136246831674
            ],
            [
              -103.95316831253827,
              40.91707873186082
            ],
            [
              -103.95314215035978,
              40.92070652226277
            ],
            [
              -103.95311586659734,
              40.924334308809975
            ],
            [
              -103.95308957283567,
              40.927962092064014
            ],
            [
              -103.9530633924926,
              40.931589875444324
            ]
          ]
        ]
      }
    },
    {
      "type": "Feature",
      "properties": {
        "patchId": "PATCH_007",
        "areaRank": 7,
        "areaAcres": 7082.6,
        "parcelCount": 12,
        "interiorEdgeRatio": 0.3951,
        "isReceiveCandidate": true
      },
      "geometry": {
        "type": "Polygon",
        "coordinates": [
          [
            [
              -104.04565240075665,
              40.66192252838113
            ],
            [
              -104.04647789843798,
              40.66281303670295
            ],
            [
              -104.0477821316054,
              40.66418346623345
            ],
            [
              -104.04865160585028,
              40.66546667724378
            ],
            [
              -104.04864787805042,
              40.66567866587974
            ],
            [
              -104.04864420467212,
              40.66588746146905
            ],
            [
              -104.0485804703973,
              40.66950977529196
            ],
            [
              -104.04853045099443,
              40.6731322012125
            ],
            [
              -104.0532384820906,
              40.67312702334679
            ],
            [
              -104.05357008670099,
              40.67372825842257
            ],
            [
              -104.05522593389597,
              40.67674708633835
            ],
            [
              -104.05835628547176,
              40.682453313733234
            ],
            [
              -104.05919647733667,
              40.68398659275637
            ],
            [
              -104.06141540602842,
              40.68803564412433
            ],
            [
              -104.06348473075148,
              40.69160962465083
            ],
            [
              -104.0641265940807,
              40.692565133500345
            ],
            [
              -104.0646420671846,
              40.693236818834286
            ],
            [
              -104.06523571555871,
              40.69396994713958
            ],
            [
              -104.06565171104782,
              40.69433797749525
            ],
            [
              -104.0664831744282,
              40.69509427608654
            ],
            [
              -104.0671453953985,
              40.695634611506854
            ],
            [
              -104.06711342280217,
              40.6987195069568
            ],
            [
              -104.0639842920498,
              40.69872976344474
            ],
            [
              -104.06232988805793,
              40.698735151556214
            ],
            [
              -104.05922750731563,
              40.69874524657613
            ],
            [
              -104.05754629478274,
              40.69874641208946
            ],
            [
              -104.04971376162257,
              40.69877191412345
            ],
            [
              -104.04797906583258,
              40.69877196055771
            ],
            [
              -104.0401905271023,
              40.69882429374985
            ],
            [
              -104.03839151991266,
              40.6988270860268
            ],
            [
              -104.03067210961025,
              40.69887844980371
            ],
            [
              -104.02880391521809,
              40.69887754291865
            ],
            [
              -104.02590612075608,
              40.69889134899959
            ],
            [
              -104.02406575999717,
              40.69889708499722
            ],
            [
              -104.02415164817832,
              40.694923070688226
            ],
            [
              -104.01940964875804,
              40.694925227381546
            ],
            [
              -104.0194097534644,
              40.69506246868422
            ],
            [
              -104.02407654719651,
              40.69506034797658
            ],
            [
              -104.02399361742258,
              40.698897433713
            ],
            [
              -104.02114653795046,
              40.698911132610995
            ],
            [
              -104.01930381473375,
              40.69891677061902
            ],
            [
              -104.01161276818297,
              40.69900962147871
            ],
            [
              -104.01161099781712,
              40.702679896604934
            ],
            [
              -104.01637770414996,
              40.70264444213382
            ],
            [
              -104.01637181258904,
              40.713673629989366
            ],
            [
              -104.01160576458453,
              40.71369097786383
            ],
            [
              -104.00684097704276,
              40.71371904301517
            ],
            [
              -104.0020761867535,
              40.7137471790575
            ],
            [
              -103.99731137307005,
              40.713775142550176
            ],
            [
              -103.992546547753,
              40.713803149798046
            ],
            [
              -103.99254784279516,
              40.71013315104079
            ],
            [
              -103.9782032344832,
              40.710286395604264
            ],
            [
              -103.97822198404687,
              40.70659461955561
            ],
            [
              -103.97825941466951,
              40.69919886350672
            ],
            [
              -103.97639106298021,
              40.69921490039474
            ],
            [
              -103.9734943621231,
              40.6992398024602
            ],
            [
              -103.971623137643,
              40.69921943244776
            ],
            [
              -103.97167470609627,
              40.69497143307349
            ],
            [
              -103.98123749557838,
              40.69497966276244
            ],
            [
              -103.98599901257651,
              40.69497773812252
            ],
            [
              -103.9860617058323,
              40.69134928848579
            ],
            [
              -103.98130542924996,
              40.69134834994432
            ],
            [
              -103.98137331251681,
              40.68771973713851
            ],
            [
              -103.98144129766139,
              40.684091210841984
            ],
            [
              -103.98623278631811,
              40.684092452325
            ],
            [
              -103.99102439658645,
              40.684093673916955
            ],
            [
              -103.99580555669087,
              40.6840893810727
            ],
            [
              -103.99589465028279,
              40.67682198463735
            ],
            [
              -103.99112341252518,
              40.6768227661853
            ],
            [
              -103.99117284854684,
              40.673187309488675
            ],
            [
              -103.99122239158474,
              40.66955185023039
            ],
            [
              -103.99129144202251,
              40.665916650601076
            ],
            [
              -103.99136048029628,
              40.662281446903265
            ],
            [
              -104.00087819546512,
              40.662293585506056
            ],
            [
              -104.01039564758561,
              40.66230474282952
            ],
            [
              -104.0103316594655,
              40.66593243826678
            ],
            [
              -104.01986546288488,
              40.665929259478
            ],
            [
              -104.02959458052678,
              40.66593441266535
            ],
            [
              -104.02967419289747,
              40.66230728907085
            ],
            [
              -104.02975377833239,
              40.65868106011153
            ],
            [
              -104.02983335401873,
              40.655054828065815
            ],
            [
              -104.02991614632055,
              40.65143759254457
            ],
            [
              -104.03549122169456,
              40.65504470029872
            ],
            [
              -104.0368467053881,
              40.655921608318444
            ],
            [
              -104.0396535613244,
              40.65768340383656
            ],
            [
              -104.04175898299731,
              40.65899624453447
            ],
            [
              -104.04381712150926,
              40.660443868542664
            ],
            [
              -104.04486626050034,
              40.66126947930722
            ],
            [
              -104.04565240075665,
              40.66192252838113
            ]
          ]
        ]
      }
    },
    {
      "type": "Feature",
      "properties": {
        "patchId": "PATCH_008",
        "areaRank": 8,
        "areaAcres": 5924.5,
        "parcelCount": 14,
        "interiorEdgeRatio": 0.392,
        "isReceiveCandidate": true
      },
      "geometry": {
        "type": "Polygon",
        "coordinates": [
          [
            [
              -103.70869532362588,
              40.86116889274918
            ],
            [
              -103.70390865698637,
              40.86120614199151
            ],
            [
              -103.69912186990456,
              40.8612434643873
            ],
            [
              -103.69917987492572,
              40.86487846040505
            ],
            [
              -103.69922075902906,
              40.867445674228804
            ],
            [
              -103.69923776513569,
              40.86851354252274
            ],
            [
              -103.69446142408249,
              40.86854781312783
            ],
            [
              -103.68968496309343,
              40.868581976713145
            ],
            [
              -103.67968138962536,
              40.86863013387528
            ],
            [
              -103.67974296827839,
              40.87225274378059
            ],
            [
              -103.67980478351994,
              40.87588742218787
            ],
            [
              -103.67971803448528,
              40.87952067055849
            ],
            [
              -103.67963127371192,
              40.88315391400077
            ],
            [
              -103.68441742096375,
              40.88313289081715
            ],
            [
              -103.68449595712835,
              40.8795003161694
            ],
            [
              -103.68972207126558,
              40.87947783155769
            ],
            [
              -103.68962270766488,
              40.88310977008242
            ],
            [
              -103.68952344603441,
              40.88674170543111
            ],
            [
              -103.68942404900365,
              40.89037363841373
            ],
            [
              -103.68932606632642,
              40.8940052273681
            ],
            [
              -103.68922806842531,
              40.89763671942094
            ],
            [
              -103.68912993637583,
              40.90126829914894
            ],
            [
              -103.67910446467783,
              40.901316872923815
            ],
            [
              -103.67922226358714,
              40.89768489722426
            ],
            [
              -103.67440202817819,
              40.89770774172027
            ],
            [
              -103.66958179428066,
              40.89773038657114
            ],
            [
              -103.66971579341997,
              40.894097434785486
            ],
            [
              -103.66984989309113,
              40.890464482464445
            ],
            [
              -103.66504169698119,
              40.89048707462968
            ],
            [
              -103.6602333822672,
              40.89050973912732
            ],
            [
              -103.65542518538597,
              40.89053229233934
            ],
            [
              -103.6506168652706,
              40.89055491239764
            ],
            [
              -103.650759139107,
              40.88692081607287
            ],
            [
              -103.65090127194331,
              40.883286622660904
            ],
            [
              -103.66047946850767,
              40.883241429689086
            ],
            [
              -103.66072549601779,
              40.87597247971069
            ],
            [
              -103.66549538555394,
              40.8759494409742
            ],
            [
              -103.67026539028903,
              40.87592647593697
            ],
            [
              -103.67018656848647,
              40.87229006259319
            ],
            [
              -103.67010825976756,
              40.868675364568475
            ],
            [
              -103.6605944550929,
              40.868767869808764
            ],
            [
              -103.66046213079633,
              40.861491893777355
            ],
            [
              -103.66041172989006,
              40.85785498519253
            ],
            [
              -103.65083029235853,
              40.8579297795726
            ],
            [
              -103.65076619286833,
              40.854286218797164
            ],
            [
              -103.64117581302709,
              40.85424894664641
            ],
            [
              -103.64109239857504,
              40.85060100778527
            ],
            [
              -103.64100898956967,
              40.84695297939611
            ],
            [
              -103.64582343327903,
              40.846976137437764
            ],
            [
              -103.65063799876114,
              40.84699927449237
            ],
            [
              -103.65059834424302,
              40.843355543194065
            ],
            [
              -103.65055868915067,
              40.83971181160131
            ],
            [
              -103.65049067138375,
              40.83244609238245
            ],
            [
              -103.65530945492613,
              40.83242602188175
            ],
            [
              -103.66012823524126,
              40.83240602538387
            ],
            [
              -103.66494701393057,
              40.83238591467263
            ],
            [
              -103.66976578962172,
              40.83236587076219
            ],
            [
              -103.67447745893621,
              40.83234043410813
            ],
            [
              -103.67918924566192,
              40.83231489385144
            ],
            [
              -103.68390091506012,
              40.83228915986134
            ],
            [
              -103.6890037659443,
              40.832261289371225
            ],
            [
              -103.69379296574799,
              40.83221297409982
            ],
            [
              -103.69858215872216,
              40.83216472626187
            ],
            [
              -103.6986475052981,
              40.83579973381069
            ],
            [
              -103.69871285296367,
              40.83943482664332
            ],
            [
              -103.69877821370233,
              40.84306946813337
            ],
            [
              -103.70356199033733,
              40.843025458339056
            ],
            [
              -103.70362550623013,
              40.84666151819144
            ],
            [
              -103.70840731713264,
              40.846618996994664
            ],
            [
              -103.70847931247012,
              40.85025649866615
            ],
            [
              -103.70855131565894,
              40.853893903707785
            ],
            [
              -103.7086233193214,
              40.85753140022956
            ],
            [
              -103.70869532362588,
              40.86116889274918
            ]
          ],
          [
            [
              -103.69625816708236,
              40.83226664463653
            ],
            [
              -103.69626675320265,
              40.832855343616664
            ],
            [
              -103.69704182310197,
              40.83284882033546
            ],
            [
              -103.69703323371576,
              40.83226012326656
            ],
            [
              -103.69625816708236,
              40.83226664463653
            ]
          ]
        ]
      }
    },
    {
      "type": "Feature",
      "properties": {
        "patchId": "PATCH_009",
        "areaRank": 9,
        "areaAcres": 4879.9,
        "parcelCount": 13,
        "interiorEdgeRatio": 0.3917,
        "isReceiveCandidate": true
      },
      "geometry": {
        "type": "Polygon",
        "coordinates": [
          [
            [
              -104.06393744138599,
              40.79610058483916
            ],
            [
              -104.06387941477027,
              40.79967394310336
            ],
            [
              -104.06860312939149,
              40.79955602592951
            ],
            [
              -104.06858904419711,
              40.80315811669814
            ],
            [
              -104.06857495202841,
              40.80676029301838
            ],
            [
              -104.06856085548704,
              40.81036237658655
            ],
            [
              -104.06854675493378,
              40.81396446195715
            ],
            [
              -104.0638194662795,
              40.814061441132196
            ],
            [
              -104.0590921368377,
              40.814157997461884
            ],
            [
              -104.05436482198921,
              40.8142549549798
            ],
            [
              -104.04963761301565,
              40.814351898126965
            ],
            [
              -104.04961437206096,
              40.81793171447595
            ],
            [
              -104.04959125061545,
              40.821511532395554
            ],
            [
              -104.0448066665656,
              40.821612123833226
            ],
            [
              -104.0400438787585,
              40.82171206517809
            ],
            [
              -104.04002218792671,
              40.821712521548804
            ],
            [
              -104.03523746400307,
              40.82181271665163
            ],
            [
              -104.03045272595803,
              40.82191271112204
            ],
            [
              -104.0304986088298,
              40.818363637210744
            ],
            [
              -104.03054448375768,
              40.814814647132884
            ],
            [
              -104.02168164993445,
              40.81547875193252
            ],
            [
              -104.01327618984357,
              40.81611185257381
            ],
            [
              -104.0132829994027,
              40.819747850583525
            ],
            [
              -104.01328980499595,
              40.823383842140146
            ],
            [
              -104.00852048167903,
              40.823291452920486
            ],
            [
              -104.0037511774645,
              40.82319886531118
            ],
            [
              -103.99898010020149,
              40.82310595539743
            ],
            [
              -103.99420901863459,
              40.823012889877226
            ],
            [
              -103.98946189850386,
              40.82310756733252
            ],
            [
              -103.98471488750566,
              40.82320214158231
            ],
            [
              -103.97986062593036,
              40.823298997047004
            ],
            [
              -103.97500635562575,
              40.823395734469294
            ],
            [
              -103.97503461677378,
              40.81975960933216
            ],
            [
              -103.98463311273161,
              40.819608372897534
            ],
            [
              -103.98455146717035,
              40.81602225919945
            ],
            [
              -103.98452965213232,
              40.812439013596794
            ],
            [
              -103.97978288892395,
              40.81248145135052
            ],
            [
              -103.9797583942522,
              40.80887417508464
            ],
            [
              -103.98450728064635,
              40.80889251156106
            ],
            [
              -103.98448525342916,
              40.805299980622735
            ],
            [
              -103.98448516056953,
              40.80528513986025
            ],
            [
              -103.98446322018589,
              40.80170744874879
            ],
            [
              -103.97970899042015,
              40.80171509559416
            ],
            [
              -103.97940178912383,
              40.798013601710174
            ],
            [
              -103.9841428937066,
              40.797994094824865
            ],
            [
              -103.98382247925747,
              40.794280736424625
            ],
            [
              -103.98350270933162,
              40.790573685673316
            ],
            [
              -103.98318297207052,
              40.786866635667785
            ],
            [
              -103.9878850832004,
              40.78681820553087
            ],
            [
              -103.9925871886051,
              40.78676985698243
            ],
            [
              -103.99728952254128,
              40.78672176686087
            ],
            [
              -104.00199195412853,
              40.78667364255467
            ],
            [
              -104.00669424364067,
              40.78662544765967
            ],
            [
              -104.01139664567344,
              40.78657724308142
            ],
            [
              -104.01179050417156,
              40.79033926462121
            ],
            [
              -104.01218440865043,
              40.79410118910654
            ],
            [
              -104.01257835104565,
              40.79786311368536
            ],
            [
              -104.012972334255,
              40.80162512213537
            ],
            [
              -104.01728425081582,
              40.80137579128162
            ],
            [
              -104.02159625154925,
              40.801126573634264
            ],
            [
              -104.02590822403023,
              40.80087719217293
            ],
            [
              -104.0307379156016,
              40.800598034019075
            ],
            [
              -104.03548059610988,
              40.80045541721436
            ],
            [
              -104.04022313661223,
              40.80031278176553
            ],
            [
              -104.04496566341207,
              40.80017004190367
            ],
            [
              -104.04970828446945,
              40.80002746735424
            ],
            [
              -104.04975761152487,
              40.796444518422284
            ],
            [
              -104.04980692895083,
              40.79286165871228
            ],
            [
              -104.05453648907347,
              40.79275021541442
            ],
            [
              -104.05448420866162,
              40.796329900591545
            ],
            [
              -104.06393744138599,
              40.79610058483916
            ]
          ]
        ]
      }
    },
    {
      "type": "Feature",
      "properties": {
        "patchId": "PATCH_010",
        "areaRank": 10,
        "areaAcres": 4309.3,
        "parcelCount": 11,
        "interiorEdgeRatio": 0.2987,
        "isReceiveCandidate": true
      },
      "geometry": {
        "type": "Polygon",
        "coordinates": [
          [
            [
              -104.11600160760773,
              40.62591740209248
            ],
            [
              -104.12074356258839,
              40.62590698659762
            ],
            [
              -104.12548540078222,
              40.62589664222409
            ],
            [
              -104.12569789415315,
              40.62589628335989
            ],
            [
              -104.1302397381929,
              40.62588854034662
            ],
            [
              -104.13499395728515,
              40.62588035650888
            ],
            [
              -104.13493327633122,
              40.62950647641189
            ],
            [
              -104.13487246541767,
              40.63313250007021
            ],
            [
              -104.13011778452241,
              40.63313689286961
            ],
            [
              -104.12576785159969,
              40.63314067952705
            ],
            [
              -104.12536310166875,
              40.6331410215366
            ],
            [
              -104.11586775359989,
              40.633162044842436
            ],
            [
              -104.11580075675109,
              40.636783954910925
            ],
            [
              -104.11573589704183,
              40.64029615523015
            ],
            [
              -104.11573386553027,
              40.64040595252589
            ],
            [
              -104.12048725457662,
              40.640395634672124
            ],
            [
              -104.12524076077317,
              40.64038539431433
            ],
            [
              -104.1258378204733,
              40.640384422729845
            ],
            [
              -104.12999600709367,
              40.64037758231362
            ],
            [
              -104.13475124893357,
              40.640369772044316
            ],
            [
              -104.13950638475133,
              40.64037057547602
            ],
            [
              -104.14414042225927,
              40.640371543893664
            ],
            [
              -104.1440762425022,
              40.64399367024249
            ],
            [
              -104.14401216698587,
              40.647615794000835
            ],
            [
              -104.143996627147,
              40.648492642248584
            ],
            [
              -104.14394794436221,
              40.651239715308556
            ],
            [
              -104.1438837058538,
              40.65486372716072
            ],
            [
              -104.13917977123025,
              40.65486672826527
            ],
            [
              -104.13442356023481,
              40.65486976361386
            ],
            [
              -104.13458732757175,
              40.64762300714741
            ],
            [
              -104.12507580873853,
              40.64762934410822
            ],
            [
              -104.11558088927646,
              40.64765033675546
            ],
            [
              -104.11542787236131,
              40.65489399191693
            ],
            [
              -104.11068646265807,
              40.65490436976503
            ],
            [
              -104.10594493667612,
              40.65491473238686
            ],
            [
              -104.10601546094964,
              40.65129268762982
            ],
            [
              -104.10606106857082,
              40.64895005756025
            ],
            [
              -104.10608597645846,
              40.64767063983625
            ],
            [
              -104.09657561576113,
              40.64769616802782
            ],
            [
              -104.0964155721235,
              40.654939738361065
            ],
            [
              -104.09165094966966,
              40.654952215325075
            ],
            [
              -104.08688632763044,
              40.65496467656961
            ],
            [
              -104.08697574008912,
              40.65134279477994
            ],
            [
              -104.08699748253625,
              40.650462015752154
            ],
            [
              -104.08702925391356,
              40.64917483702113
            ],
            [
              -104.08706514406515,
              40.64772091265737
            ],
            [
              -104.08231113437942,
              40.647730028337456
            ],
            [
              -104.07755724574906,
              40.647739036945964
            ],
            [
              -104.07764301595067,
              40.64411695108689
            ],
            [
              -104.07772693713434,
              40.640577123510596
            ],
            [
              -104.07772889110537,
              40.64049477444376
            ],
            [
              -104.07297137630859,
              40.64050365794713
            ],
            [
              -104.06821374581952,
              40.64051261490273
            ],
            [
              -104.0682160331205,
              40.640402817962965
            ],
            [
              -104.06821918135442,
              40.64025196079957
            ],
            [
              -104.06822236090186,
              40.64009940267575
            ],
            [
              -104.06828922991073,
              40.636891210877415
            ],
            [
              -104.0682892441102,
              40.63689054096345
            ],
            [
              -104.06836484538525,
              40.63326846541993
            ],
            [
              -104.07786193013831,
              40.633250824823875
            ],
            [
              -104.07799505453097,
              40.62600605422454
            ],
            [
              -104.07806537923959,
              40.62238410288813
            ],
            [
              -104.0781356893191,
              40.6187621476588
            ],
            [
              -104.08763368278171,
              40.61874370477016
            ],
            [
              -104.0877133973697,
              40.615121723451864
            ],
            [
              -104.08779186680933,
              40.61155592744381
            ],
            [
              -104.08788334285849,
              40.61155592952285
            ],
            [
              -104.10682285174357,
              40.611502475685256
            ],
            [
              -104.11633725178795,
              40.611475622759215
            ],
            [
              -104.11625424429843,
              40.61505185849754
            ],
            [
              -104.11617004046289,
              40.61867401038763
            ],
            [
              -104.11608583327632,
              40.62229570820827
            ],
            [
              -104.11600160760773,
              40.62591740209248
            ]
          ],
          [
            [
              -104.09223510992568,
              40.62597540552981
            ],
            [
              -104.08747420881812,
              40.62598783677984
            ],
            [
              -104.08741667713426,
              40.629610167182086
            ],
            [
              -104.08735913881875,
              40.633232402790874
            ],
            [
              -104.09686577306563,
              40.63320778052535
            ],
            [
              -104.09699601189247,
              40.62596305155377
            ],
            [
              -104.09223510992568,
              40.62597540552981
            ]
          ]
        ]
      }
    },
    {
      "type": "Feature",
      "properties": {
        "patchId": "PATCH_011",
        "areaRank": 11,
        "areaAcres": 4026.7,
        "parcelCount": 10,
        "interiorEdgeRatio": 0.2573,
        "isReceiveCandidate": true
      },
      "geometry": {
        "type": "Polygon",
        "coordinates": [
          [
            [
              -104.39159868009222,
              40.83184379405172
            ],
            [
              -104.39156755340386,
              40.83547154505596
            ],
            [
              -104.39634977283897,
              40.835484413302275
            ],
            [
              -104.40113211238516,
              40.83549717503537
            ],
            [
              -104.40109509544168,
              40.83912471594529
            ],
            [
              -104.40105819394734,
              40.84275234517515
            ],
            [
              -104.4058347705584,
              40.842764974925544
            ],
            [
              -104.41061123229889,
              40.84277758289655
            ],
            [
              -104.41064701799273,
              40.8464261253717
            ],
            [
              -104.41068280897768,
              40.85007457576389
            ],
            [
              -104.40102203447589,
              40.85006679917131
            ],
            [
              -104.40100383025644,
              40.85372361758196
            ],
            [
              -104.40098574470852,
              40.85738052419681
            ],
            [
              -104.40070881625878,
              40.860977077899044
            ],
            [
              -104.40043185347518,
              40.864573626243676
            ],
            [
              -104.4001536512365,
              40.868185842578264
            ],
            [
              -104.40959186596125,
              40.86814895581091
            ],
            [
              -104.40982549089905,
              40.864541441411205
            ],
            [
              -104.41075439389617,
              40.85737155943699
            ],
            [
              -104.41541090573338,
              40.85734092951476
            ],
            [
              -104.42006753143788,
              40.85731029243501
            ],
            [
              -104.41976141227462,
              40.86090278017179
            ],
            [
              -104.41945525798087,
              40.864495267841214
            ],
            [
              -104.4191474863872,
              40.86810576145227
            ],
            [
              -104.41903274752566,
              40.869451757257075
            ],
            [
              -104.41883567048286,
              40.871763465064745
            ],
            [
              -104.41882666222476,
              40.87176351381873
            ],
            [
              -104.4093504715155,
              40.87181465951479
            ],
            [
              -104.39038977180111,
              40.871916995803204
            ],
            [
              -104.38565499277873,
              40.87194255075204
            ],
            [
              -104.38596140250661,
              40.86464452577919
            ],
            [
              -104.38126028050308,
              40.86468255466441
            ],
            [
              -104.3814294734422,
              40.861059801124654
            ],
            [
              -104.37180323620365,
              40.86112218789188
            ],
            [
              -104.37198007630957,
              40.85748444540577
            ],
            [
              -104.37207566168222,
              40.853830399557445
            ],
            [
              -104.37217123574185,
              40.85017626329269
            ],
            [
              -104.37226679310251,
              40.84652221668415
            ],
            [
              -104.37236233656633,
              40.842868163415346
            ],
            [
              -104.36739162255044,
              40.8428635364686
            ],
            [
              -104.3626473552992,
              40.84285913346264
            ],
            [
              -104.35792822042113,
              40.84285647926414
            ],
            [
              -104.35320908649511,
              40.84285380995393
            ],
            [
              -104.35327048231679,
              40.83921985032182
            ],
            [
              -104.35333198526102,
              40.835585890711506
            ],
            [
              -104.35339336417857,
              40.83195192706627
            ],
            [
              -104.35345472895222,
              40.82831805233723
            ],
            [
              -104.35349009016853,
              40.82468673186255
            ],
            [
              -104.35352532392795,
              40.82105549742016
            ],
            [
              -104.35828735026458,
              40.821061901665125
            ],
            [
              -104.36304925576097,
              40.82106801949525
            ],
            [
              -104.3678143693503,
              40.82107404891927
            ],
            [
              -104.37257936768357,
              40.82107987909529
            ],
            [
              -104.37734891338826,
              40.821056259725715
            ],
            [
              -104.38211845427006,
              40.82103253371017
            ],
            [
              -104.3868130877657,
              40.82100898723312
            ],
            [
              -104.38688799302301,
              40.821008609218076
            ],
            [
              -104.39165765405654,
              40.82098448833156
            ],
            [
              -104.39643651440828,
              40.820991568281705
            ],
            [
              -104.39642721033007,
              40.82461016157931
            ],
            [
              -104.39641790540935,
              40.828228668360126
            ],
            [
              -104.39162992107762,
              40.82821594948119
            ],
            [
              -104.39159868009222,
              40.83184379405172
            ]
          ],
          [
            [
              -104.38196829718748,
              40.839160230216734
            ],
            [
              -104.381933820419,
              40.84279759249304
            ],
            [
              -104.38185001369759,
              40.846457661481736
            ],
            [
              -104.39143322185227,
              40.846392672880086
            ],
            [
              -104.39150528156331,
              40.84272703934625
            ],
            [
              -104.39153642216179,
              40.839099292306834
            ],
            [
              -104.38196829718748,
              40.839160230216734
            ]
          ],
          [
            [
              -104.3772926974049,
              40.82826323668545
            ],
            [
              -104.3725137001447,
              40.82827896670794
            ],
            [
              -104.37247589706713,
              40.83192622257249
            ],
            [
              -104.37243797210164,
              40.835573568976756
            ],
            [
              -104.38200276518069,
              40.83552295326332
            ],
            [
              -104.38207181268052,
              40.82824749408871
            ],
            [
              -104.3772926974049,
              40.82826323668545
            ]
          ]
        ]
      }
    },
    {
      "type": "Feature",
      "properties": {
        "patchId": "PATCH_012",
        "areaRank": 12,
        "areaAcres": 3325.2,
        "parcelCount": 8,
        "interiorEdgeRatio": 0.3329,
        "isReceiveCandidate": true
      },
      "geometry": {
        "type": "Polygon",
        "coordinates": [
          [
            [
              -104.08682184930186,
              40.65858693282115
            ],
            [
              -104.08675724645963,
              40.662209096337214
            ],
            [
              -104.0866928689894,
              40.66583134607569
            ],
            [
              -104.08662836101506,
              40.66945350657955
            ],
            [
              -104.08658981159047,
              40.6715750498749
            ],
            [
              -104.08656254397386,
              40.6730756517928
            ],
            [
              -104.08649683216737,
              40.676697797066026
            ],
            [
              -104.08660501254916,
              40.67669751502353
            ],
            [
              -104.09598375002285,
              40.67667256648148
            ],
            [
              -104.10547055248787,
              40.67664664652955
            ],
            [
              -104.10540065645172,
              40.680268769748515
            ],
            [
              -104.10533074645834,
              40.68389080058896
            ],
            [
              -104.10535431026624,
              40.68751328296074
            ],
            [
              -104.10537775776827,
              40.69113567161783
            ],
            [
              -104.09583965916003,
              40.69116162551601
            ],
            [
              -104.09583536393957,
              40.694784068213195
            ],
            [
              -104.09583098184699,
              40.69860487533043
            ],
            [
              -104.09254494350081,
              40.69862179786953
            ],
            [
              -104.09104520365189,
              40.69862949278756
            ],
            [
              -104.08778236200332,
              40.698646309405504
            ],
            [
              -104.08779521178042,
              40.702306712860626
            ],
            [
              -104.08780817694384,
              40.705967207191556
            ],
            [
              -104.08304877595394,
              40.70600629714968
            ],
            [
              -104.07990429805523,
              40.70603195715897
            ],
            [
              -104.07978928952063,
              40.70603289423247
            ],
            [
              -104.07899708225378,
              40.706039343440985
            ],
            [
              -104.07847837836266,
              40.70604356499684
            ],
            [
              -104.07848101849103,
              40.70587133699201
            ],
            [
              -104.078484386067,
              40.70565176959375
            ],
            [
              -104.0784877525138,
              40.7054321985643
            ],
            [
              -104.07849050582217,
              40.70525268575795
            ],
            [
              -104.07850480500021,
              40.704319996034435
            ],
            [
              -104.07850667750239,
              40.70419773941555
            ],
            [
              -104.07851181083875,
              40.703863108257806
            ],
            [
              -104.07851391238087,
              40.70372587682296
            ],
            [
              -104.07851601624282,
              40.70358864721194
            ],
            [
              -104.0785181213172,
              40.70345141580858
            ],
            [
              -104.07852022514305,
              40.70331418708604
            ],
            [
              -104.07852233020034,
              40.70317695567088
            ],
            [
              -104.07852443400908,
              40.70303972693657
            ],
            [
              -104.07852653551885,
              40.70290249456587
            ],
            [
              -104.07852864049362,
              40.70276526583417
            ],
            [
              -104.07853074433353,
              40.70262803438091
            ],
            [
              -104.07853284812703,
              40.70249080472259
            ],
            [
              -104.078534953133,
              40.70235357327199
            ],
            [
              -104.0785370568904,
              40.70221634450229
            ],
            [
              -104.07853915832989,
              40.702079112996536
            ],
            [
              -104.07854126332916,
              40.70194188062786
            ],
            [
              -104.07854336706085,
              40.70180465184044
            ],
            [
              -104.07854547202402,
              40.70166742036032
            ],
            [
              -104.0785475757576,
              40.70153019066071
            ],
            [
              -104.07854967715434,
              40.70139295912549
            ],
            [
              -104.07855178085185,
              40.70125573031448
            ],
            [
              -104.07855388578075,
              40.701118498810786
            ],
            [
              -104.07855598946117,
              40.70098126998793
            ],
            [
              -104.0785580932089,
              40.70084403755765
            ],
            [
              -104.07856019807421,
              40.7007068078371
            ],
            [
              -104.07856229823655,
              40.70056957625203
            ],
            [
              -104.07856440306578,
              40.70043234742011
            ],
            [
              -104.0785665067793,
              40.70029511496624
            ],
            [
              -104.07856861157244,
              40.7001578870229
            ],
            [
              -104.07857071645189,
              40.70002065457163
            ],
            [
              -104.07857282006383,
              40.69988342570175
            ],
            [
              -104.078574921358,
              40.69974619409576
            ],
            [
              -104.07857702613586,
              40.69960896522854
            ],
            [
              -104.07857912979802,
              40.69947173273935
            ],
            [
              -104.07858123455881,
              40.69933450386026
            ],
            [
              -104.07858333818487,
              40.699197272259696
            ],
            [
              -104.07858544300444,
              40.69906003976726
            ],
            [
              -104.07858754300726,
              40.69892281081282
            ],
            [
              -104.0785896466077,
              40.69878557919455
            ],
            [
              -104.07859124447671,
              40.698681290355395
            ],
            [
              -104.0782617478009,
              40.69868274633126
            ],
            [
              -104.07668646066182,
              40.69868413504454
            ],
            [
              -104.0735014152559,
              40.69869825277161
            ],
            [
              -104.07190001248738,
              40.69870531738528
            ],
            [
              -104.07194046081865,
              40.69483537855233
            ],
            [
              -104.06731523001095,
              40.694843315674426
            ],
            [
              -104.06715359453172,
              40.69484359002347
            ],
            [
              -104.06715500712501,
              40.69469758101515
            ],
            [
              -104.06648375919642,
              40.694087023847544
            ],
            [
              -104.06606776191913,
              40.693718995548
            ],
            [
              -104.06547411026351,
              40.692985871468274
            ],
            [
              -104.06495862722801,
              40.6923141906195
            ],
            [
              -104.06431675450649,
              40.69135868627864
            ],
            [
              -104.0622473922394,
              40.68778472023489
            ],
            [
              -104.0601652900084,
              40.68398550187165
            ],
            [
              -104.0591882154035,
              40.68220241090715
            ],
            [
              -104.05619481972947,
              40.676745983047034
            ],
            [
              -104.05440192684897,
              40.67347739181698
            ],
            [
              -104.05330023300053,
              40.67147989746049
            ],
            [
              -104.05332911341888,
              40.66950435103659
            ],
            [
              -104.05807763877444,
              40.669499000101254
            ],
            [
              -104.06743057909135,
              40.669488534440134
            ],
            [
              -104.06746663319265,
              40.66948849434676
            ],
            [
              -104.06757480682498,
              40.6694883975558
            ],
            [
              -104.06765217315919,
              40.66586635567674
            ],
            [
              -104.06788455956585,
              40.65500031027741
            ],
            [
              -104.07263505949567,
              40.6549914048277
            ],
            [
              -104.07738544332453,
              40.65498247978117
            ],
            [
              -104.08213582377773,
              40.65497363019237
            ],
            [
              -104.08688632763044,
              40.65496467656961
            ],
            [
              -104.08682184930186,
              40.65858693282115
            ]
          ]
        ]
      }
    },
    {
      "type": "Feature",
      "properties": {
        "patchId": "PATCH_013",
        "areaRank": 13,
        "areaAcres": 3038.1,
        "parcelCount": 12,
        "interiorEdgeRatio": 0.4626,
        "isReceiveCandidate": true
      },
      "geometry": {
        "type": "Polygon",
        "coordinates": [
          [
            [
              -103.61920949005568,
              40.646562987256374
            ],
            [
              -103.61913913779786,
              40.650187835891195
            ],
            [
              -103.61907051703834,
              40.653722863770504
            ],
            [
              -103.6190687721775,
              40.65381267690627
            ],
            [
              -103.61431533585136,
              40.653851764642404
            ],
            [
              -103.60956177190654,
              40.653890922950204
            ],
            [
              -103.60949279770617,
              40.65751451514115
            ],
            [
              -103.60942381394584,
              40.66113801147389
            ],
            [
              -103.60935493896996,
              40.66476124091455
            ],
            [
              -103.60928593483963,
              40.66838446350107
            ],
            [
              -103.60452397104447,
              40.66842520400842
            ],
            [
              -103.5997620000458,
              40.66846592811988
            ],
            [
              -103.59970406919692,
              40.67208873744677
            ],
            [
              -103.59964601151259,
              40.675711540812586
            ],
            [
              -103.59958805750244,
              40.6793343446666
            ],
            [
              -103.59952997065142,
              40.682957145134694
            ],
            [
              -103.59477229935652,
              40.683003119474954
            ],
            [
              -103.5900146222812,
              40.683049167921396
            ],
            [
              -103.58525693982462,
              40.683095108531774
            ],
            [
              -103.58051595481498,
              40.68314096445183
            ],
            [
              -103.58051599047826,
              40.683135998051355
            ],
            [
              -103.5807921115027,
              40.66859491807682
            ],
            [
              -103.58079220876557,
              40.66858979602131
            ],
            [
              -103.58104306880556,
              40.65409724769132
            ],
            [
              -103.5810431770544,
              40.65409099399866
            ],
            [
              -103.58115272892901,
              40.646892926848054
            ],
            [
              -103.58126243097823,
              40.63968499252839
            ],
            [
              -103.5860162632561,
              40.63963186788748
            ],
            [
              -103.59078555516419,
              40.6395785539045
            ],
            [
              -103.59083707317424,
              40.63593691550769
            ],
            [
              -103.59088869807951,
              40.63229518499939
            ],
            [
              -103.60043117735957,
              40.63221773335185
            ],
            [
              -103.60519464246744,
              40.63217996764681
            ],
            [
              -103.60995811425961,
              40.63214191531425
            ],
            [
              -103.60989757288657,
              40.63576733260724
            ],
            [
              -103.60983702391337,
              40.639392658655275
            ],
            [
              -103.6097681980935,
              40.64301742948201
            ],
            [
              -103.6096994759213,
              40.64664220092217
            ],
            [
              -103.6144544242863,
              40.64660269110049
            ],
            [
              -103.61920949005568,
              40.646562987256374
            ]
          ]
        ]
      }
    },
    {
      "type": "Feature",
      "properties": {
        "patchId": "PATCH_014",
        "areaRank": 14,
        "areaAcres": 2735.8,
        "parcelCount": 6,
        "interiorEdgeRatio": 0.3555,
        "isReceiveCandidate": true
      },
      "geometry": {
        "type": "Polygon",
        "coordinates": [
          [
            [
              -103.68818976770321,
              40.770468243484366
            ],
            [
              -103.68818974007041,
              40.774110385195684
            ],
            [
              -103.68818781494714,
              40.77775232277988
            ],
            [
              -103.68818599845763,
              40.78139435038984
            ],
            [
              -103.6832233436718,
              40.78143288943089
            ],
            [
              -103.67852642953608,
              40.78146922038976
            ],
            [
              -103.67376681285904,
              40.78150589646461
            ],
            [
              -103.66900719701515,
              40.78154228837148
            ],
            [
              -103.66904629617973,
              40.785172083318876
            ],
            [
              -103.66908429793044,
              40.788743847716866
            ],
            [
              -103.66430655777248,
              40.788753981024264
            ],
            [
              -103.65952881820134,
              40.788764278986555
            ],
            [
              -103.65475095878259,
              40.788774464088185
            ],
            [
              -103.64997321504632,
              40.78878463372175
            ],
            [
              -103.64517126336708,
              40.78880234075771
            ],
            [
              -103.64036931039679,
              40.788819934837576
            ],
            [
              -103.6355673570838,
              40.788837510549364
            ],
            [
              -103.63076539976083,
              40.78885515700348
            ],
            [
              -103.63075439561598,
              40.785268838121716
            ],
            [
              -103.63074317998458,
              40.78164639259872
            ],
            [
              -103.63073741801678,
              40.778023739130305
            ],
            [
              -103.6307316519846,
              40.77440099382878
            ],
            [
              -103.63549552332562,
              40.774381273738705
            ],
            [
              -103.64025951136183,
              40.774361451063086
            ],
            [
              -103.64027403616602,
              40.77073506958138
            ],
            [
              -103.64028866719,
              40.76710868454652
            ],
            [
              -103.64504708421126,
              40.767086884231134
            ],
            [
              -103.64980539054007,
              40.76706470973305
            ],
            [
              -103.65934792038524,
              40.767021327865116
            ],
            [
              -103.65935823474237,
              40.759747157272606
            ],
            [
              -103.6641257750063,
              40.75971692807929
            ],
            [
              -103.6688930727853,
              40.75968676954956
            ],
            [
              -103.67365600941396,
              40.75963744589206
            ],
            [
              -103.67841893889126,
              40.75958819701107
            ],
            [
              -103.67841654900214,
              40.76324563405318
            ],
            [
              -103.67841415769394,
              40.76690306576246
            ],
            [
              -103.68818978933668,
              40.76682618824332
            ],
            [
              -103.68818976770321,
              40.770468243484366
            ]
          ]
        ]
      }
    },
    {
      "type": "Feature",
      "properties": {
        "patchId": "PATCH_015",
        "areaRank": 15,
        "areaAcres": 2711.7,
        "parcelCount": 5,
        "interiorEdgeRatio": 0.2312,
        "isReceiveCandidate": true
      },
      "geometry": {
        "type": "Polygon",
        "coordinates": [
          [
            [
              -103.94385217034825,
              40.98237785323002
            ],
            [
              -103.94844386442674,
              40.982256269770616
            ],
            [
              -103.9530355501934,
              40.98213450623582
            ],
            [
              -103.95295635618521,
              40.98569637800671
            ],
            [
              -103.9528771469344,
              40.98925833553737
            ],
            [
              -103.9531705908677,
              40.996736400289876
            ],
            [
              -103.95324217987834,
              41.00041592611378
            ],
            [
              -103.95324713701208,
              41.001379831889366
            ],
            [
              -103.94404355477671,
              41.0014023965447
            ],
            [
              -103.9394042279212,
              41.00140760584251
            ],
            [
              -103.93476488107471,
              41.0014140710024
            ],
            [
              -103.93475799187473,
              40.998907168361164
            ],
            [
              -103.93475162217818,
              40.99710748633894
            ],
            [
              -103.93470021548433,
              40.98987753405451
            ],
            [
              -103.93011396237486,
              40.989988710444216
            ],
            [
              -103.92552769029489,
              40.990099970912375
            ],
            [
              -103.92094140573847,
              40.99021113903352
            ],
            [
              -103.91635510207037,
              40.99032239573238
            ],
            [
              -103.91130749667704,
              40.990319664358914
            ],
            [
              -103.90655294315688,
              40.990316339341
            ],
            [
              -103.8970949439436,
              40.99033265210285
            ],
            [
              -103.8970572755023,
              40.9866962038162
            ],
            [
              -103.89701972624701,
              40.98305975722674
            ],
            [
              -103.8969821786796,
              40.97942330533615
            ],
            [
              -103.89694462812605,
              40.97578694445747
            ],
            [
              -103.89687443032614,
              40.97216269672591
            ],
            [
              -103.89680411573,
              40.96853862669029
            ],
            [
              -103.89673392246453,
              40.9649144647521
            ],
            [
              -103.89666361429128,
              40.961290302249274
            ],
            [
              -103.9060076216837,
              40.96129734579703
            ],
            [
              -103.91073259110892,
              40.96129563322627
            ],
            [
              -103.91588225742682,
              40.961294303252764
            ],
            [
              -103.91597013678985,
              40.96493330708373
            ],
            [
              -103.9160581408398,
              40.96857230901938
            ],
            [
              -103.91614602842459,
              40.97221130758048
            ],
            [
              -103.91623403831373,
              40.97585030508445
            ],
            [
              -103.92083483634703,
              40.975728645485276
            ],
            [
              -103.92543561793464,
              40.97560689682924
            ],
            [
              -103.93003650023962,
              40.97548523179904
            ],
            [
              -103.93463736852829,
              40.975363475935985
            ],
            [
              -103.93465311577198,
              40.97899197180093
            ],
            [
              -103.93466873749327,
              40.98262046524764
            ],
            [
              -103.93926046218878,
              40.98249925023267
            ],
            [
              -103.94385217034825,
              40.98237785323002
            ]
          ]
        ]
      }
    },
    {
      "type": "Feature",
      "properties": {
        "patchId": "PATCH_016",
        "areaRank": 16,
        "areaAcres": 2654.2,
        "parcelCount": 6,
        "interiorEdgeRatio": 0.1807,
        "isReceiveCandidate": true
      },
      "geometry": {
        "type": "Polygon",
        "coordinates": [
          [
            [
              -104.62964017705481,
              40.66778047210816
            ],
            [
              -104.62484449972327,
              40.66764219028402
            ],
            [
              -104.62004872618341,
              40.66750388930741
            ],
            [
              -104.6200682862306,
              40.67110209334088
            ],
            [
              -104.62008773121666,
              40.67470020612444
            ],
            [
              -104.61049145009267,
              40.67460217841219
            ],
            [
              -104.61052630172672,
              40.68180676222861
            ],
            [
              -104.61532657194675,
              40.681851693065646
            ],
            [
              -104.62012673504209,
              40.681896602634694
            ],
            [
              -104.6201234630792,
              40.68354410869638
            ],
            [
              -104.62011990142784,
              40.68533761760854
            ],
            [
              -104.62011954749663,
              40.685516061138074
            ],
            [
              -104.62011235915432,
              40.68913560838888
            ],
            [
              -104.62176951761535,
              40.6891484405787
            ],
            [
              -104.62169616027398,
              40.692766989964355
            ],
            [
              -104.6201088295221,
              40.69275651569724
            ],
            [
              -104.62010581256743,
              40.696078870367344
            ],
            [
              -104.6198963054455,
              40.69607890167265
            ],
            [
              -104.61049631505574,
              40.696119082549906
            ],
            [
              -104.61039167914552,
              40.69611918056522
            ],
            [
              -104.60088727216538,
              40.69616020690701
            ],
            [
              -104.60089358055656,
              40.69254561884249
            ],
            [
              -104.60090000417216,
              40.688930941189376
            ],
            [
              -104.60092577458077,
              40.681716931137736
            ],
            [
              -104.60091037144416,
              40.678110098952374
            ],
            [
              -104.60089508824511,
              40.674503351080894
            ],
            [
              -104.59897102404157,
              40.67451369207531
            ],
            [
              -104.59608498823144,
              40.674529137242175
            ],
            [
              -104.59132730360487,
              40.6745544574093
            ],
            [
              -104.58657020918596,
              40.67457958518189
            ],
            [
              -104.58181311486139,
              40.67460451327815
            ],
            [
              -104.5818671119183,
              40.67098135024048
            ],
            [
              -104.58192122023983,
              40.66735827239707
            ],
            [
              -104.58197971404836,
              40.6637143074279
            ],
            [
              -104.58203819321787,
              40.66007034198974
            ],
            [
              -104.5820967890586,
              40.656426372629554
            ],
            [
              -104.58215524460418,
              40.652783991368416
            ],
            [
              -104.6009114922286,
              40.65278516118257
            ],
            [
              -104.6008998144498,
              40.656410677999496
            ],
            [
              -104.60088801370934,
              40.660037071635706
            ],
            [
              -104.61046702361068,
              40.66013908202872
            ],
            [
              -104.61046187472903,
              40.66376802037672
            ],
            [
              -104.6200474575103,
              40.6638720497826
            ],
            [
              -104.62004618777688,
              40.66024029815691
            ],
            [
              -104.62004479991543,
              40.656608543502884
            ],
            [
              -104.62004352689377,
              40.652976694836106
            ],
            [
              -104.62484124892924,
              40.65306752613617
            ],
            [
              -104.62954826945081,
              40.653156535046165
            ],
            [
              -104.62963898153615,
              40.65315824797415
            ],
            [
              -104.6296393419142,
              40.65681396624275
            ],
            [
              -104.62963958054608,
              40.660469770585394
            ],
            [
              -104.62963981907156,
              40.66412512245162
            ],
            [
              -104.62964017705481,
              40.66778047210816
            ]
          ],
          [
            [
              -104.60086440363558,
              40.66728985158587
            ],
            [
              -104.60087620931235,
              40.663663463130064
            ],
            [
              -104.60088801370934,
              40.660037071635706
            ],
            [
              -104.60086440363558,
              40.66728985158587
            ]
          ]
        ]
      }
    },
    {
      "type": "Feature",
      "properties": {
        "patchId": "PATCH_017",
        "areaRank": 17,
        "areaAcres": 2366.5,
        "parcelCount": 12,
        "interiorEdgeRatio": 0.3579,
        "isReceiveCandidate": true
      },
      "geometry": {
        "type": "Polygon",
        "coordinates": [
          [
            [
              -103.7343652617621,
              40.6248140861558
            ],
            [
              -103.73440439864082,
              40.62844004379256
            ],
            [
              -103.73444365312696,
              40.632066001142995
            ],
            [
              -103.73448278294312,
              40.63569204548923
            ],
            [
              -103.73452203273223,
              40.639317999483566
            ],
            [
              -103.73929590999447,
              40.639386611336356
            ],
            [
              -103.74406967879314,
              40.63945520576936
            ],
            [
              -103.74402918864719,
              40.63582996295086
            ],
            [
              -103.743988695756,
              40.63220471618787
            ],
            [
              -103.74394821172916,
              40.62857901891411
            ],
            [
              -103.74390761146832,
              40.62495340878549
            ],
            [
              -103.74867891820779,
              40.62502304552411
            ],
            [
              -103.75345000610446,
              40.62509264354633
            ],
            [
              -103.75349184849374,
              40.62871763513703
            ],
            [
              -103.75353368699514,
              40.6323425354234
            ],
            [
              -103.75357552765875,
              40.635967521922574
            ],
            [
              -103.753617368003,
              40.63959241624127
            ],
            [
              -103.75837590335153,
              40.63967725266007
            ],
            [
              -103.75841563332764,
              40.64330225717473
            ],
            [
              -103.75845536511557,
              40.646927169516694
            ],
            [
              -103.75851725156532,
              40.65256437400822
            ],
            [
              -103.75853495474297,
              40.654176534784014
            ],
            [
              -103.75376476594168,
              40.65409031626855
            ],
            [
              -103.75374966997252,
              40.65260674049177
            ],
            [
              -103.75372788753093,
              40.650465844488934
            ],
            [
              -103.74896887136745,
              40.65039759097188
            ],
            [
              -103.74420986599509,
              40.65032914384292
            ],
            [
              -103.74424026793456,
              40.65269066049999
            ],
            [
              -103.74425652684378,
              40.653953456051866
            ],
            [
              -103.73950242274422,
              40.65388499238269
            ],
            [
              -103.73474820767568,
              40.653816605681925
            ],
            [
              -103.72998289243317,
              40.65375411409862
            ],
            [
              -103.72521770435567,
              40.653691604923345
            ],
            [
              -103.72045241267055,
              40.65362908365085
            ],
            [
              -103.71568712876221,
              40.65356663123836
            ],
            [
              -103.7109403939947,
              40.653536353193026
            ],
            [
              -103.7061937841433,
              40.653506059129555
            ],
            [
              -103.7061873008265,
              40.65301870088774
            ],
            [
              -103.70614555533461,
              40.64988009781683
            ],
            [
              -103.71088516224707,
              40.64991040186087
            ],
            [
              -103.71082993512567,
              40.64628436193329
            ],
            [
              -103.71556255459916,
              40.64631448822808
            ],
            [
              -103.71550033426806,
              40.64268836759896
            ],
            [
              -103.71543810997976,
              40.63906224292054
            ],
            [
              -103.7153956469794,
              40.635435618345205
            ],
            [
              -103.71535318967892,
              40.63180881250469
            ],
            [
              -103.71531072749167,
              40.628182091865064
            ],
            [
              -103.71526826391552,
              40.62455545829615
            ],
            [
              -103.72004244053956,
              40.62462009536076
            ],
            [
              -103.72012575376144,
              40.63187342604693
            ],
            [
              -103.72251203917519,
              40.63190566123325
            ],
            [
              -103.72489832929914,
              40.63193784483091
            ],
            [
              -103.72485759440696,
              40.62831132772836
            ],
            [
              -103.72481674333584,
              40.62468471580515
            ],
            [
              -103.72959093709447,
              40.62474940880988
            ],
            [
              -103.7343652617621,
              40.6248140861558
            ]
          ]
        ]
      }
    },
    {
      "type": "Feature",
      "properties": {
        "patchId": "PATCH_018",
        "areaRank": 18,
        "areaAcres": 2359.1,
        "parcelCount": 8,
        "interiorEdgeRatio": 0.2859,
        "isReceiveCandidate": true
      },
      "geometry": {
        "type": "Polygon",
        "coordinates": [
          [
            [
              -104.14443445696385,
              40.784852135509965
            ],
            [
              -104.14451374924937,
              40.787528094889836
            ],
            [
              -104.14450638309565,
              40.78845206361346
            ],
            [
              -104.13974177275846,
              40.78847368640773
            ],
            [
              -104.13497504832345,
              40.78849511509174
            ],
            [
              -104.13493269856167,
              40.78489868703252
            ],
            [
              -104.13022435216466,
              40.7849261145989
            ],
            [
              -104.12723732403812,
              40.784943528894395
            ],
            [
              -104.12551600184673,
              40.78495353136119
            ],
            [
              -104.12553270359437,
              40.78854165806276
            ],
            [
              -104.12554940593601,
              40.79212978040054
            ],
            [
              -104.1255662218845,
              40.79571799335495
            ],
            [
              -104.13031286430342,
              40.79569874918926
            ],
            [
              -104.1303423285226,
              40.79928656233176
            ],
            [
              -104.12558292057108,
              40.799306112269086
            ],
            [
              -104.12085259958565,
              40.7993221762076
            ],
            [
              -104.11612215362206,
              40.799338311709356
            ],
            [
              -104.11139183028915,
              40.79935434879001
            ],
            [
              -104.10666138429605,
              40.79937045835264
            ],
            [
              -104.10666293879868,
              40.80295926537975
            ],
            [
              -104.0970979412421,
              40.80296387094494
            ],
            [
              -104.09710270558294,
              40.79936664831672
            ],
            [
              -104.09232319243148,
              40.79936476233071
            ],
            [
              -104.08754391521491,
              40.79936285904979
            ],
            [
              -104.087605935106,
              40.79578563957057
            ],
            [
              -104.08766806451159,
              40.79220841711133
            ],
            [
              -104.08779229198,
              40.78505405801964
            ],
            [
              -104.09251946086279,
              40.785047069317976
            ],
            [
              -104.09724662866893,
              40.7850400637898
            ],
            [
              -104.0972105686469,
              40.788621914241915
            ],
            [
              -104.10669095779913,
              40.78861221740325
            ],
            [
              -104.10670084342551,
              40.785026191778556
            ],
            [
              -104.11140457619832,
              40.78500797563347
            ],
            [
              -104.11610842761739,
              40.784989841458945
            ],
            [
              -104.1161038398544,
              40.78133054918822
            ],
            [
              -104.11609934148827,
              40.77774476608571
            ],
            [
              -104.11609496744687,
              40.7741942050037
            ],
            [
              -104.11609047128653,
              40.77064355180589
            ],
            [
              -104.1208072341957,
              40.770620090892564
            ],
            [
              -104.12552387882684,
              40.77059661710123
            ],
            [
              -104.12558790526613,
              40.76708575288122
            ],
            [
              -104.13511206389462,
              40.76705475080298
            ],
            [
              -104.13504166603013,
              40.77055674829061
            ],
            [
              -104.13980332600492,
              40.7705335662667
            ],
            [
              -104.13976621850085,
              40.774100537248174
            ],
            [
              -104.14452955163384,
              40.77408311723021
            ],
            [
              -104.14440564606649,
              40.78387982412212
            ],
            [
              -104.14443445696385,
              40.784852135509965
            ]
          ]
        ]
      }
    },
    {
      "type": "Feature",
      "properties": {
        "patchId": "PATCH_019",
        "areaRank": 19,
        "areaAcres": 2207.2,
        "parcelCount": 5,
        "interiorEdgeRatio": 0.2791,
        "isReceiveCandidate": true
      },
      "geometry": {
        "type": "Polygon",
        "coordinates": [
          [
            [
              -103.73567287432952,
              40.9661587139435
            ],
            [
              -103.73566044294466,
              40.96978132809785
            ],
            [
              -103.73564801254763,
              40.97340357687776
            ],
            [
              -103.73563569825622,
              40.977025737593486
            ],
            [
              -103.73560245139873,
              40.98064811332126
            ],
            [
              -103.73556919959157,
              40.98427040005624
            ],
            [
              -103.73553594648097,
              40.98789232315359
            ],
            [
              -103.73550280146948,
              40.99151424269157
            ],
            [
              -103.73070593434323,
              40.991562844049014
            ],
            [
              -103.72590906280801,
              40.99161142354731
            ],
            [
              -103.72595143197347,
              40.987988346525256
            ],
            [
              -103.72599367294697,
              40.98436526507742
            ],
            [
              -103.72122144957554,
              40.98440158379052
            ],
            [
              -103.7164492247666,
              40.98443770253529
            ],
            [
              -103.71167700204109,
              40.98447362406706
            ],
            [
              -103.70690489782677,
              40.98450935107094
            ],
            [
              -103.70693672025594,
              40.9808883189102
            ],
            [
              -103.70696853309784,
              40.977267378709925
            ],
            [
              -103.70693841405149,
              40.97364646038767
            ],
            [
              -103.70690829112397,
              40.97002553677469
            ],
            [
              -103.70687804894317,
              40.966404612421336
            ],
            [
              -103.70684792274511,
              40.96278377740803
            ],
            [
              -103.70687446617403,
              40.95910853653988
            ],
            [
              -103.7165019078909,
              40.95904186710281
            ],
            [
              -103.71653531257935,
              40.95541993664644
            ],
            [
              -103.72132893576254,
              40.95538593871744
            ],
            [
              -103.72136125572243,
              40.951763135430454
            ],
            [
              -103.72615368723099,
              40.951727887175274
            ],
            [
              -103.72618492728155,
              40.948103942831736
            ],
            [
              -103.73097858245536,
              40.9480717066831
            ],
            [
              -103.73577235067351,
              40.94803936228772
            ],
            [
              -103.7357505575329,
              40.95166251364203
            ],
            [
              -103.73572875959745,
              40.95528566256591
            ],
            [
              -103.73570696504781,
              40.95890818053655
            ],
            [
              -103.73568517832183,
              40.96253609904246
            ],
            [
              -103.73567287432952,
              40.9661587139435
            ]
          ]
        ]
      }
    },
    {
      "type": "Feature",
      "properties": {
        "patchId": "PATCH_020",
        "areaRank": 20,
        "areaAcres": 1965.4,
        "parcelCount": 3,
        "interiorEdgeRatio": 0.1708,
        "isReceiveCandidate": false
      },
      "geometry": {
        "type": "Polygon",
        "coordinates": [
          [
            [
              -104.59545780551896,
              40.86643550829857
            ],
            [
              -104.59556575457171,
              40.869977535035694
            ],
            [
              -104.6009918162562,
              40.86991509521668
            ],
            [
              -104.60091728862304,
              40.87716389748026
            ],
            [
              -104.6008716541025,
              40.88078723151817
            ],
            [
              -104.60082613207754,
              40.88441074263908
            ],
            [
              -104.59533878990933,
              40.8844989904311
            ],
            [
              -104.59029529390456,
              40.88458008863771
            ],
            [
              -104.58525178336183,
              40.884661145616775
            ],
            [
              -104.58020837933259,
              40.884742072268665
            ],
            [
              -104.57543997932696,
              40.884713079715205
            ],
            [
              -104.57067158580918,
              40.88468397902556
            ],
            [
              -104.5659030764487,
              40.88465495022558
            ],
            [
              -104.5611346909411,
              40.88462590517578
            ],
            [
              -104.56118523353805,
              40.88100008929228
            ],
            [
              -104.56123576591929,
              40.87737427033637
            ],
            [
              -104.56135354574873,
              40.87012287219688
            ],
            [
              -104.56617195010057,
              40.87012957484678
            ],
            [
              -104.57096047572435,
              40.87013621571927
            ],
            [
              -104.57099036006642,
              40.870136256184765
            ],
            [
              -104.57486990239491,
              40.87014170582936
            ],
            [
              -104.5758087673522,
              40.870143002594354
            ],
            [
              -104.57594509848916,
              40.8701431950456
            ],
            [
              -104.58062717788114,
              40.870149643023794
            ],
            [
              -104.58062921409908,
              40.86929244793245
            ],
            [
              -104.58063526117637,
              40.866744541548684
            ],
            [
              -104.5806357651631,
              40.86655416931092
            ],
            [
              -104.58064494995189,
              40.86308441287365
            ],
            [
              -104.58069315075343,
              40.855688404311195
            ],
            [
              -104.59031777049377,
              40.85563030737065
            ],
            [
              -104.59510879044656,
              40.855619127123234
            ],
            [
              -104.60088235874026,
              40.85560124303103
            ],
            [
              -104.60095499608023,
              40.862729315952464
            ],
            [
              -104.60097340695043,
              40.866322253409756
            ],
            [
              -104.59545780551896,
              40.86643550829857
            ]
          ]
        ]
      }
    },
    {
      "type": "Feature",
      "properties": {
        "patchId": "PATCH_021",
        "areaRank": 21,
        "areaAcres": 1684.8,
        "parcelCount": 6,
        "interiorEdgeRatio": 0.3352,
        "isReceiveCandidate": false
      },
      "geometry": {
        "type": "Polygon",
        "coordinates": [
          [
            [
              -103.95470193264346,
              40.73606826075107
            ],
            [
              -103.95943285290247,
              40.736046380942035
            ],
            [
              -103.95950520519612,
              40.74336286896844
            ],
            [
              -103.96422954793913,
              40.743340551396926
            ],
            [
              -103.96895388347421,
              40.74331822156453
            ],
            [
              -103.97367833850059,
              40.743295880229944
            ],
            [
              -103.97370878926353,
              40.746941992992376
            ],
            [
              -103.96425338909373,
              40.74698994201341
            ],
            [
              -103.96427723536063,
              40.75063932112503
            ],
            [
              -103.95481510464198,
              40.75068985622599
            ],
            [
              -103.95483226573849,
              40.75434219697768
            ],
            [
              -103.95484954328536,
              40.75799444301472
            ],
            [
              -103.95011087959134,
              40.758047685676424
            ],
            [
              -103.95008539709987,
              40.75804797290853
            ],
            [
              -103.94537232554963,
              40.758100998530146
            ],
            [
              -103.94063376661963,
              40.75815421163771
            ],
            [
              -103.93589520118742,
              40.758207497000534
            ],
            [
              -103.93117332285024,
              40.758239214235715
            ],
            [
              -103.92645132433354,
              40.75827082787962
            ],
            [
              -103.92641438448423,
              40.75461974658379
            ],
            [
              -103.92637744352754,
              40.75096857528234
            ],
            [
              -103.92634054806815,
              40.74731709305895
            ],
            [
              -103.92630366016213,
              40.74366550476396
            ],
            [
              -103.93104663232043,
              40.74363516931004
            ],
            [
              -103.93095965090734,
              40.73633322029675
            ],
            [
              -103.93570540259111,
              40.736303527691106
            ],
            [
              -103.94520361436632,
              40.736186330670044
            ],
            [
              -103.95470193264346,
              40.73606826075107
            ]
          ]
        ]
      }
    },
    {
      "type": "Feature",
      "properties": {
        "patchId": "PATCH_022",
        "areaRank": 22,
        "areaAcres": 1440.7,
        "parcelCount": 5,
        "interiorEdgeRatio": 0.2183,
        "isReceiveCandidate": false
      },
      "geometry": {
        "type": "Polygon",
        "coordinates": [
          [
            [
              -104.62942333780647,
              40.72143390723757
            ],
            [
              -104.62942952128239,
              40.725056357298655
            ],
            [
              -104.62465646086088,
              40.72505200887813
            ],
            [
              -104.61988351949117,
              40.72504773335971
            ],
            [
              -104.61988458704121,
              40.72142719784926
            ],
            [
              -104.61988577397629,
              40.71780657082907
            ],
            [
              -104.61513197487051,
              40.71781675665922
            ],
            [
              -104.61037829272684,
              40.71782674678613
            ],
            [
              -104.60562461157814,
              40.717836452078906
            ],
            [
              -104.60087093026637,
              40.71784605174053
            ],
            [
              -104.59130542503439,
              40.71786589472178
            ],
            [
              -104.58176561512727,
              40.71788495248122
            ],
            [
              -104.5817784985552,
              40.714257069367875
            ],
            [
              -104.58179137814537,
              40.710629188392595
            ],
            [
              -104.577033733556,
              40.710654096159416
            ],
            [
              -104.572276080595,
              40.710679078016504
            ],
            [
              -104.5722886908455,
              40.70796160644934
            ],
            [
              -104.57229292918456,
              40.70704751573408
            ],
            [
              -104.57230977948586,
              40.703415951153985
            ],
            [
              -104.57706787436783,
              40.70338844393002
            ],
            [
              -104.58182585299284,
              40.70336065146545
            ],
            [
              -104.58658835067341,
              40.70336718114638
            ],
            [
              -104.59135084806643,
              40.703373517060484
            ],
            [
              -104.59611216547765,
              40.7033795609003
            ],
            [
              -104.60087691883895,
              40.7033855105332
            ],
            [
              -104.60087179811009,
              40.706998203520186
            ],
            [
              -104.60086655966145,
              40.710610804166585
            ],
            [
              -104.60562198705921,
              40.710599501006485
            ],
            [
              -104.61037729221512,
              40.71058808751925
            ],
            [
              -104.61513259807799,
              40.71057684382828
            ],
            [
              -104.6198879012383,
              40.71056549073263
            ],
            [
              -104.62464657510918,
              40.710565664530016
            ],
            [
              -104.62940512954775,
              40.71056591237891
            ],
            [
              -104.62941119520725,
              40.71418873063975
            ],
            [
              -104.62941726744721,
              40.71781154391065
            ],
            [
              -104.62942333780647,
              40.72143390723757
            ]
          ]
        ]
      }
    },
    {
      "type": "Feature",
      "properties": {
        "patchId": "PATCH_023",
        "areaRank": 23,
        "areaAcres": 1402.0,
        "parcelCount": 6,
        "interiorEdgeRatio": 0.1635,
        "isReceiveCandidate": false
      },
      "geometry": {
        "type": "Polygon",
        "coordinates": [
          [
            [
              -104.04983242366174,
              40.728198973612365
            ],
            [
              -104.05459386798617,
              40.728178388740005
            ],
            [
              -104.0546007949287,
              40.731838275365845
            ],
            [
              -104.04984123539313,
              40.73186193579909
            ],
            [
              -104.04984992531212,
              40.735524986726105
            ],
            [
              -104.04512821976249,
              40.735578584926735
            ],
            [
              -104.04040651039024,
              40.73563198652389
            ],
            [
              -104.03568479710606,
              40.73568519691992
            ],
            [
              -104.0309630835465,
              40.735738213458404
            ],
            [
              -104.03101023175284,
              40.73942122140673
            ],
            [
              -104.03105738386608,
              40.74310422764547
            ],
            [
              -104.03114074930048,
              40.7468057289303
            ],
            [
              -104.03122400712117,
              40.75050731249459
            ],
            [
              -104.03130743705793,
              40.75420885846015
            ],
            [
              -104.03139087143778,
              40.75791039892293
            ],
            [
              -104.02614285264454,
              40.75786889461743
            ],
            [
              -104.02136268310413,
              40.75783363618436
            ],
            [
              -104.01656596513344,
              40.75777245633114
            ],
            [
              -104.01176925668224,
              40.75771125750973
            ],
            [
              -104.01172929164312,
              40.750397165102015
            ],
            [
              -104.0116895395734,
              40.74308297318795
            ],
            [
              -104.01645086130483,
              40.74308684537059
            ],
            [
              -104.02121218636957,
              40.743090611406046
            ],
            [
              -104.02120208116983,
              40.739414225595134
            ],
            [
              -104.02119185118744,
              40.735737744662266
            ],
            [
              -104.02118170210419,
              40.73205567643887
            ],
            [
              -104.02117155247333,
              40.72837351738828
            ],
            [
              -104.02593212822305,
              40.728373025246505
            ],
            [
              -104.03086866739739,
              40.72837219444
            ],
            [
              -104.03560961629661,
              40.72832888645204
            ],
            [
              -104.0403505551592,
              40.7282855675153
            ],
            [
              -104.04509149592914,
              40.72824223327651
            ],
            [
              -104.04507251082605,
              40.72457179789323
            ],
            [
              -104.04981964182811,
              40.72453201204632
            ],
            [
              -104.04983242366174,
              40.728198973612365
            ]
          ]
        ]
      }
    },
    {
      "type": "Feature",
      "properties": {
        "patchId": "PATCH_024",
        "areaRank": 24,
        "areaAcres": 1283.5,
        "parcelCount": 4,
        "interiorEdgeRatio": 0.2223,
        "isReceiveCandidate": false
      },
      "geometry": {
        "type": "Polygon",
        "coordinates": [
          [
            [
              -103.60225070299009,
              40.75641020910193
            ],
            [
              -103.6022154366385,
              40.760035980388885
            ],
            [
              -103.60697749121414,
              40.76002003097482
            ],
            [
              -103.61173966887274,
              40.76000406387347
            ],
            [
              -103.61170405992281,
              40.763630822429505
            ],
            [
              -103.6116686779738,
              40.76725758307292
            ],
            [
              -103.60689957116284,
              40.76727445275108
            ],
            [
              -103.60213057911831,
              40.76729121669446
            ],
            [
              -103.59736147701011,
              40.767307782078625
            ],
            [
              -103.59259249453815,
              40.76732415444827
            ],
            [
              -103.59254312315126,
              40.7709522645477
            ],
            [
              -103.59249374395412,
              40.77458037471438
            ],
            [
              -103.58771360004884,
              40.77460135797035
            ],
            [
              -103.58293345274608,
              40.77462232727089
            ],
            [
              -103.57815330080614,
              40.77464336726231
            ],
            [
              -103.57337315272044,
              40.77466438711307
            ],
            [
              -103.57343379187968,
              40.771029220607424
            ],
            [
              -103.5734944170873,
              40.76739414323029
            ],
            [
              -103.57355515557917,
              40.763758972451974
            ],
            [
              -103.57361575591716,
              40.76012380141033
            ],
            [
              -103.57838464918916,
              40.760109833994385
            ],
            [
              -103.58315342052873,
              40.76009584883547
            ],
            [
              -103.58319549660274,
              40.756465847024366
            ],
            [
              -103.58323744265562,
              40.75283583881434
            ],
            [
              -103.58800517507495,
              40.752824160506556
            ],
            [
              -103.59277279096693,
              40.75281228628038
            ],
            [
              -103.5975294289255,
              40.75279845906397
            ],
            [
              -103.6022859546268,
              40.752784526990396
            ],
            [
              -103.60225070299009,
              40.75641020910193
            ]
          ]
        ]
      }
    },
    {
      "type": "Feature",
      "properties": {
        "patchId": "PATCH_025",
        "areaRank": 25,
        "areaAcres": 1242.6,
        "parcelCount": 4,
        "interiorEdgeRatio": 0.0963,
        "isReceiveCandidate": false
      },
      "geometry": {
        "type": "Polygon",
        "coordinates": [
          [
            [
              -104.53901314575305,
              40.66767385325067
            ],
            [
              -104.54377470522816,
              40.66763520756866
            ],
            [
              -104.55318699728521,
              40.67481623240133
            ],
            [
              -104.56258028117574,
              40.681990916361165
            ],
            [
              -104.56736140321283,
              40.68195587773556
            ],
            [
              -104.5721426384726,
              40.68192082211853
            ],
            [
              -104.5769237515175,
              40.68188583858802
            ],
            [
              -104.58170497781806,
              40.68185083805689
            ],
            [
              -104.58165975007536,
              40.68548727245063
            ],
            [
              -104.58161439792451,
              40.68912379279422
            ],
            [
              -104.57684605985655,
              40.68915316178602
            ],
            [
              -104.57207760412433,
              40.68918233199374
            ],
            [
              -104.5672871277001,
              40.689211404507496
            ],
            [
              -104.56249676900426,
              40.689240366562075
            ],
            [
              -104.55297543012092,
              40.689319549632586
            ],
            [
              -104.55302025470682,
              40.68569384985217
            ],
            [
              -104.55306519038434,
              40.68206814787226
            ],
            [
              -104.54830769938178,
              40.682106651878804
            ],
            [
              -104.54355008316426,
              40.682145318119495
            ],
            [
              -104.54347136872816,
              40.68577187156736
            ],
            [
              -104.53397512690178,
              40.68579949851891
            ],
            [
              -104.52443887653976,
              40.68582680703034
            ],
            [
              -104.52451787062746,
              40.682205584603004
            ],
            [
              -104.52927592995516,
              40.68219049659127
            ],
            [
              -104.53403398092371,
              40.682175483443984
            ],
            [
              -104.53408856773274,
              40.67855162982543
            ],
            [
              -104.52932966681301,
              40.67856849121057
            ],
            [
              -104.52938340263603,
              40.67494648185621
            ],
            [
              -104.53890272024513,
              40.674909139463416
            ],
            [
              -104.53901314575305,
              40.66767385325067
            ]
          ]
        ]
      }
    },
    {
      "type": "Feature",
      "properties": {
        "patchId": "PATCH_026",
        "areaRank": 26,
        "areaAcres": 1193.6,
        "parcelCount": 4,
        "interiorEdgeRatio": 0.1104,
        "isReceiveCandidate": false
      },
      "geometry": {
        "type": "Polygon",
        "coordinates": [
          [
            [
              -103.80242963178743,
              40.72984230955537
            ],
            [
              -103.80719964202876,
              40.7298158134865
            ],
            [
              -103.81196953031412,
              40.72978920877763
            ],
            [
              -103.81673952882588,
              40.72976267983268
            ],
            [
              -103.81671282918164,
              40.737072451909874
            ],
            [
              -103.81196146409657,
              40.7370737643267
            ],
            [
              -103.80720998518578,
              40.737074882343585
            ],
            [
              -103.80245862807104,
              40.737075807576176
            ],
            [
              -103.80244413163759,
              40.73345910303309
            ],
            [
              -103.7931581400944,
              40.7334692985116
            ],
            [
              -103.79317851779099,
              40.72985088718281
            ],
            [
              -103.78839384451567,
              40.729856649589316
            ],
            [
              -103.78362881583551,
              40.72986236710139
            ],
            [
              -103.78360905348777,
              40.72986239131166
            ],
            [
              -103.78353627248167,
              40.72624443807138
            ],
            [
              -103.78346349689903,
              40.72262657425119
            ],
            [
              -103.7833906036643,
              40.719008705282135
            ],
            [
              -103.7833178294291,
              40.71539083556551
            ],
            [
              -103.7880689643251,
              40.71536880497619
            ],
            [
              -103.788043047816,
              40.71174804769989
            ],
            [
              -103.79279085193025,
              40.71172240816533
            ],
            [
              -103.79276172050643,
              40.708097969209945
            ],
            [
              -103.79750856420291,
              40.70806847576956
            ],
            [
              -103.7974772717216,
              40.70443808573915
            ],
            [
              -103.80221905169024,
              40.704405354303745
            ],
            [
              -103.80224699812118,
              40.70803896821086
            ],
            [
              -103.8022750608915,
              40.71167249586588
            ],
            [
              -103.80230300138017,
              40.715306106708496
            ],
            [
              -103.80233472046963,
              40.71894011604869
            ],
            [
              -103.80236631759068,
              40.722574211244996
            ],
            [
              -103.80239803629425,
              40.72620821659515
            ],
            [
              -103.80242963178743,
              40.72984230955537
            ]
          ]
        ]
      }
    },
    {
      "type": "Feature",
      "properties": {
        "patchId": "PATCH_027",
        "areaRank": 27,
        "areaAcres": 1133.7,
        "parcelCount": 2,
        "interiorEdgeRatio": 0.1545,
        "isReceiveCandidate": false
      },
      "geometry": {
        "type": "Polygon",
        "coordinates": [
          [
            [
              -103.683298678745,
              40.93396337096319
            ],
            [
              -103.68824922092702,
              40.93393497078146
            ],
            [
              -103.6930571747294,
              40.93389105400812
            ],
            [
              -103.69786524216367,
              40.93384720617154
            ],
            [
              -103.7026731846919,
              40.93380324436355
            ],
            [
              -103.70748112445176,
              40.93375935330052
            ],
            [
              -103.70736577087266,
              40.9373817284895
            ],
            [
              -103.7072504001663,
              40.94100400749744
            ],
            [
              -103.70713512604183,
              40.94462638028516
            ],
            [
              -103.70701971722255,
              40.94824874512314
            ],
            [
              -103.70222924572903,
              40.94829974982014
            ],
            [
              -103.69743876353373,
              40.948350731163934
            ],
            [
              -103.69264827746395,
              40.9484017883286
            ],
            [
              -103.68785766902828,
              40.948452733047596
            ],
            [
              -103.68304431141672,
              40.948482228988944
            ],
            [
              -103.6781853221728,
              40.94851208138294
            ],
            [
              -103.673326100753,
              40.948541637380366
            ],
            [
              -103.67343402667544,
              40.94128069739644
            ],
            [
              -103.67354203626685,
              40.93401929649074
            ],
            [
              -103.67841976357512,
              40.93399129606272
            ],
            [
              -103.683298678745,
              40.93396337096319
            ]
          ]
        ]
      }
    },
    {
      "type": "Feature",
      "properties": {
        "patchId": "PATCH_028",
        "areaRank": 28,
        "areaAcres": 1010.7,
        "parcelCount": 4,
        "interiorEdgeRatio": 0.0772,
        "isReceiveCandidate": false
      },
      "geometry": {
        "type": "Polygon",
        "coordinates": [
          [
            [
              -103.62619524466297,
              40.897938575301346
            ],
            [
              -103.62597636059704,
              40.90157635812077
            ],
            [
              -103.63081328721954,
              40.90155263005828
            ],
            [
              -103.6356313548952,
              40.901530138345166
            ],
            [
              -103.6354267001826,
              40.90516743341162
            ],
            [
              -103.63059938035484,
              40.90519070319398
            ],
            [
              -103.62575745643016,
              40.905214050096134
            ],
            [
              -103.62535488078667,
              40.91249209539466
            ],
            [
              -103.62060221363544,
              40.91251430726352
            ],
            [
              -103.61584955189029,
              40.91253623326118
            ],
            [
              -103.61109677424518,
              40.91255805155929
            ],
            [
              -103.6016075940721,
              40.91252310876309
            ],
            [
              -103.60158770583821,
              40.90889991191823
            ],
            [
              -103.60156781235803,
              40.90527680370032
            ],
            [
              -103.60182110822868,
              40.90164754848427
            ],
            [
              -103.60207425066727,
              40.89801838213649
            ],
            [
              -103.6023273653559,
              40.89438884737279
            ],
            [
              -103.60258045156779,
              40.89075922250168
            ],
            [
              -103.60737419877762,
              40.89074743840462
            ],
            [
              -103.60741501047849,
              40.887114107931396
            ],
            [
              -103.61222300575939,
              40.88709810336955
            ],
            [
              -103.61216794179195,
              40.890735631435284
            ],
            [
              -103.61698960565674,
              40.8907112622532
            ],
            [
              -103.61676063958878,
              40.89434877461936
            ],
            [
              -103.61653166077289,
              40.897986107103
            ],
            [
              -103.6213634538265,
              40.89796239874778
            ],
            [
              -103.62619524466297,
              40.897938575301346
            ]
          ],
          [
            [
              -103.61169987394882,
              40.898009526674684
            ],
            [
              -103.60688699855697,
              40.8980140524706
            ],
            [
              -103.60639979901262,
              40.90528029805608
            ],
            [
              -103.611231669508,
              40.90528385735623
            ],
            [
              -103.61607360055659,
              40.90526057988522
            ],
            [
              -103.61653166077289,
              40.897986107103
            ],
            [
              -103.61169987394882,
              40.898009526674684
            ]
          ]
        ]
      }
    },
    {
      "type": "Feature",
      "properties": {
        "patchId": "PATCH_029",
        "areaRank": 29,
        "areaAcres": 998.9,
        "parcelCount": 5,
        "interiorEdgeRatio": 0.2497,
        "isReceiveCandidate": false
      },
      "geometry": {
        "type": "Polygon",
        "coordinates": [
          [
            [
              -104.3585063133009,
              40.7920534751922
            ],
            [
              -104.36328536772173,
              40.79207039435902
            ],
            [
              -104.36805767307187,
              40.79208716754454
            ],
            [
              -104.36798330898357,
              40.79933398443559
            ],
            [
              -104.37264199213692,
              40.79934922674732
            ],
            [
              -104.37264278069983,
              40.80298203067734
            ],
            [
              -104.37264356784128,
              40.806614920133576
            ],
            [
              -104.36793615286061,
              40.806596797435766
            ],
            [
              -104.36317160143645,
              40.80657816687657
            ],
            [
              -104.36314751446415,
              40.81020398108084
            ],
            [
              -104.36312330161519,
              40.813829791352966
            ],
            [
              -104.3583596562664,
              40.81381132670877
            ],
            [
              -104.35359589755889,
              40.81379293576785
            ],
            [
              -104.3536218147004,
              40.81016668616806
            ],
            [
              -104.35364773169275,
              40.80654034650645
            ],
            [
              -104.34889501894219,
              40.80652425538868
            ],
            [
              -104.34414243171524,
              40.80650797193562
            ],
            [
              -104.34415906425436,
              40.80287716328386
            ],
            [
              -104.33940177784626,
              40.802858631170906
            ],
            [
              -104.33941382481626,
              40.79922576945786
            ],
            [
              -104.33944350580892,
              40.79196854272854
            ],
            [
              -104.34420471203698,
              40.79199137397245
            ],
            [
              -104.34896592424604,
              40.79201391819319
            ],
            [
              -104.34893767435288,
              40.79926710583765
            ],
            [
              -104.35369954385224,
              40.799287748066455
            ],
            [
              -104.35845968906834,
              40.79930305124256
            ],
            [
              -104.3585063133009,
              40.7920534751922
            ]
          ]
        ]
      }
    },
    {
      "type": "Feature",
      "properties": {
        "patchId": "PATCH_030",
        "areaRank": 30,
        "areaAcres": 978.7,
        "parcelCount": 2,
        "interiorEdgeRatio": 0.0773,
        "isReceiveCandidate": false
      },
      "geometry": {
        "type": "Polygon",
        "coordinates": [
          [
            [
              -104.04377167084095,
              40.951415779150125
            ],
            [
              -104.04853566109723,
              40.951385474974245
            ],
            [
              -104.04854565371492,
              40.9550085400724
            ],
            [
              -104.04855588384001,
              40.95870592269352
            ],
            [
              -104.0437964420256,
              40.95872194113409
            ],
            [
              -104.0390369957467,
              40.95873803155749
            ],
            [
              -104.03427755240473,
              40.95875401664559
            ],
            [
              -104.02951810448678,
              40.958770077317624
            ],
            [
              -104.02405325636096,
              40.95887833782841
            ],
            [
              -104.01933466363701,
              40.958959359486826
            ],
            [
              -104.01001692486153,
              40.959276699416684
            ],
            [
              -104.00997753737815,
              40.95558385124542
            ],
            [
              -104.00993899712063,
              40.951961541124426
            ],
            [
              -104.00985135080907,
              40.944716823921034
            ],
            [
              -104.01457650126844,
              40.944550211713775
            ],
            [
              -104.01930174908375,
              40.94438358662203
            ],
            [
              -104.02405369489593,
              40.94431428118989
            ],
            [
              -104.02943621584417,
              40.944221082019304
            ],
            [
              -104.02946341707914,
              40.94786339275596
            ],
            [
              -104.02949062089534,
              40.951505606494145
            ],
            [
              -104.03424915010936,
              40.951475845130275
            ],
            [
              -104.03900767792896,
              40.95144597845457
            ],
            [
              -104.04377167084095,
              40.951415779150125
            ]
          ]
        ]
      }
    },
    {
      "type": "Feature",
      "properties": {
        "patchId": "PATCH_031",
        "areaRank": 31,
        "areaAcres": 973.7,
        "parcelCount": 7,
        "interiorEdgeRatio": 0.2798,
        "isReceiveCandidate": false
      },
      "geometry": {
        "type": "Polygon",
        "coordinates": [
          [
            [
              -103.69102197113205,
              40.63168879895354
            ],
            [
              -103.68626282410945,
              40.631690155286556
            ],
            [
              -103.68619458884034,
              40.635315619521826
            ],
            [
              -103.68612633779843,
              40.638941174340005
            ],
            [
              -103.68136544026684,
              40.638945371790875
            ],
            [
              -103.67660453977517,
              40.638949462759086
            ],
            [
              -103.67652361985137,
              40.642579188969485
            ],
            [
              -103.67644280128142,
              40.646208908484056
            ],
            [
              -103.6716725416377,
              40.64622962615745
            ],
            [
              -103.66690240681454,
              40.64625014767829
            ],
            [
              -103.66697969155742,
              40.64262183301057
            ],
            [
              -103.66699570922091,
              40.64186976580323
            ],
            [
              -103.66705696322144,
              40.63899351616058
            ],
            [
              -103.66711943731711,
              40.63536529847841
            ],
            [
              -103.6671458748706,
              40.63382995052486
            ],
            [
              -103.6671819024122,
              40.63173707419664
            ],
            [
              -103.67195967291765,
              40.631714827094584
            ],
            [
              -103.67673733042328,
              40.631692292077894
            ],
            [
              -103.67680376595749,
              40.6280636544617
            ],
            [
              -103.67687018702932,
              40.62443510927193
            ],
            [
              -103.67690825227088,
              40.620804973964674
            ],
            [
              -103.67694630499486,
              40.61717501578741
            ],
            [
              -103.6817239233213,
              40.61717371002894
            ],
            [
              -103.68650143040932,
              40.61717220548776
            ],
            [
              -103.68645036552834,
              40.620798776381314
            ],
            [
              -103.68639940976779,
              40.624425257902104
            ],
            [
              -103.69115894834952,
              40.62442587812756
            ],
            [
              -103.69638303140731,
              40.624426063146124
            ],
            [
              -103.69642829961349,
              40.62805651527059
            ],
            [
              -103.6964735702494,
              40.631686966238824
            ],
            [
              -103.69102197113205,
              40.63168879895354
            ]
          ]
        ]
      }
    },
    {
      "type": "Feature",
      "properties": {
        "patchId": "PATCH_032",
        "areaRank": 32,
        "areaAcres": 946.4,
        "parcelCount": 3,
        "interiorEdgeRatio": 0.1109,
        "isReceiveCandidate": false
      },
      "geometry": {
        "type": "Polygon",
        "coordinates": [
          [
            [
              -103.9910686841341,
              40.970636847193916
            ],
            [
              -103.99103146363572,
              40.97425614201108
            ],
            [
              -103.98627108092853,
              40.97434316588704
            ],
            [
              -103.98151080545978,
              40.97443017413684
            ],
            [
              -103.98143376829562,
              40.97801487838085
            ],
            [
              -103.9813567188649,
              40.98159949368113
            ],
            [
              -103.98127966258669,
              40.985183832777125
            ],
            [
              -103.98120259403959,
              40.98876808290228
            ],
            [
              -103.97642846883024,
              40.98881431104073
            ],
            [
              -103.97165433780384,
              40.98886052093566
            ],
            [
              -103.97173826832127,
              40.98529642750508
            ],
            [
              -103.97182218776537,
              40.98173242438782
            ],
            [
              -103.97190620841837,
              40.97816832934901
            ],
            [
              -103.97199010137116,
              40.97460422766812
            ],
            [
              -103.97205144250073,
              40.97102217980954
            ],
            [
              -103.97211277315922,
              40.967440038558614
            ],
            [
              -103.972173971632,
              40.96385798425489
            ],
            [
              -103.9722352787218,
              40.960275929100206
            ],
            [
              -103.97697158586915,
              40.96015170585745
            ],
            [
              -103.98170799860894,
              40.96002746804591
            ],
            [
              -103.98644427612868,
              40.9599033061949
            ],
            [
              -103.99118065298168,
              40.959779039628614
            ],
            [
              -103.99114333900134,
              40.96339834044206
            ],
            [
              -103.99110601696378,
              40.967017551410336
            ],
            [
              -103.9910686841341,
              40.970636847193916
            ]
          ]
        ]
      }
    },
    {
      "type": "Feature",
      "properties": {
        "patchId": "PATCH_033",
        "areaRank": 33,
        "areaAcres": 843.7,
        "parcelCount": 4,
        "interiorEdgeRatio": 0.1869,
        "isReceiveCandidate": false
      },
      "geometry": {
        "type": "Polygon",
        "coordinates": [
          [
            [
              -103.84909695514084,
              40.643740105656086
            ],
            [
              -103.85385217649717,
              40.64366098180632
            ],
            [
              -103.85380943857396,
              40.647290412775305
            ],
            [
              -103.85376662949227,
              40.650919708308784
            ],
            [
              -103.84423327983838,
              40.65110391553842
            ],
            [
              -103.84417907861413,
              40.654746061051895
            ],
            [
              -103.84247243379589,
              40.65478135955566
            ],
            [
              -103.83940669164942,
              40.654844701736934
            ],
            [
              -103.83952660208173,
              40.647546930012965
            ],
            [
              -103.83964646880868,
              40.64024914492898
            ],
            [
              -103.83967026066476,
              40.63660033858418
            ],
            [
              -103.83969392570614,
              40.63295143651589
            ],
            [
              -103.8397176982479,
              40.6293026222211
            ],
            [
              -103.8397414703684,
              40.625653716737496
            ],
            [
              -103.84255979596271,
              40.62562611466692
            ],
            [
              -103.84449987631965,
              40.62560707756924
            ],
            [
              -103.84925815920923,
              40.625560511505014
            ],
            [
              -103.85401655866058,
              40.625513840007564
            ],
            [
              -103.85877495073834,
              40.6254671522847
            ],
            [
              -103.85874225750919,
              40.629090121036015
            ],
            [
              -103.85870967878243,
              40.63271299758149
            ],
            [
              -103.85395574551261,
              40.6327729678111
            ],
            [
              -103.84920180719853,
              40.632832653852105
            ],
            [
              -103.84917368738387,
              40.63646836255713
            ],
            [
              -103.84914544029368,
              40.640103974674936
            ],
            [
              -103.84909695514084,
              40.643740105656086
            ]
          ]
        ]
      }
    },
    {
      "type": "Feature",
      "properties": {
        "patchId": "PATCH_034",
        "areaRank": 34,
        "areaAcres": 802.9,
        "parcelCount": 3,
        "interiorEdgeRatio": 0.1415,
        "isReceiveCandidate": false
      },
      "geometry": {
        "type": "Polygon",
        "coordinates": [
          [
            [
              -103.71679833150156,
              40.77386697669203
            ],
            [
              -103.71679694075648,
              40.77748829360126
            ],
            [
              -103.71679565874337,
              40.78110970056067
            ],
            [
              -103.71679428321822,
              40.78472975067437
            ],
            [
              -103.71679299428652,
              40.788394032713555
            ],
            [
              -103.72156024394249,
              40.788348999625555
            ],
            [
              -103.72632761168522,
              40.78830386009897
            ],
            [
              -103.72646525274138,
              40.791938685143315
            ],
            [
              -103.72660302697038,
              40.795573512752156
            ],
            [
              -103.71703570204404,
              40.79565865884663
            ],
            [
              -103.70746837696146,
              40.79574301272815
            ],
            [
              -103.70736330284498,
              40.79211366803536
            ],
            [
              -103.70725824125358,
              40.788484317902785
            ],
            [
              -103.70725217881139,
              40.78482860402407
            ],
            [
              -103.70724611933956,
              40.78120928045527
            ],
            [
              -103.7072354718987,
              40.77396730750207
            ],
            [
              -103.70739866192547,
              40.770345013404636
            ],
            [
              -103.70756182380552,
              40.766722801924224
            ],
            [
              -103.7123325961374,
              40.766673233340505
            ],
            [
              -103.71710348471198,
              40.76662346698965
            ],
            [
              -103.7169509192587,
              40.770245179580144
            ],
            [
              -103.71679833150156,
              40.77386697669203
            ]
          ]
        ]
      }
    },
    {
      "type": "Feature",
      "properties": {
        "patchId": "PATCH_040",
        "areaRank": 35,
        "areaAcres": 560.7,
        "parcelCount": 2,
        "interiorEdgeRatio": 0.0987,
        "isReceiveCandidate": false
      },
      "geometry": {
        "type": "Polygon",
        "coordinates": [
          [
            [
              -103.86853330108745,
              40.994190698604704
            ],
            [
              -103.86853669882436,
              40.99782654099147
            ],
            [
              -103.86853834102367,
              40.9995484960451
            ],
            [
              -103.86854023583503,
              41.001538590466126
            ],
            [
              -103.86372500170334,
              41.00154677208302
            ],
            [
              -103.85891177755059,
              41.0015554943649
            ],
            [
              -103.85892171476631,
              40.99972807227771
            ],
            [
              -103.85893125296003,
              40.997974472850636
            ],
            [
              -103.85897141530401,
              40.994325278576476
            ],
            [
              -103.8590116848172,
              40.990676086817196
            ],
            [
              -103.85902641936623,
              40.987038888592906
            ],
            [
              -103.85904102639203,
              40.98340178058911
            ],
            [
              -103.86378657197992,
              40.98334572027868
            ],
            [
              -103.86853223686326,
              40.98328946478475
            ],
            [
              -103.87327777740511,
              40.983233013407116
            ],
            [
              -103.87802331710988,
              40.98317636877347
            ],
            [
              -103.87803569880775,
              40.98680500906616
            ],
            [
              -103.87804795583456,
              40.99043364506363
            ],
            [
              -103.87328887245407,
              40.99049421421502
            ],
            [
              -103.86852989650207,
              40.99055485441945
            ],
            [
              -103.86853330108745,
              40.994190698604704
            ]
          ]
        ]
      }
    },
    {
      "type": "Feature",
      "properties": {
        "patchId": "PATCH_041",
        "areaRank": 36,
        "areaAcres": 547.9,
        "parcelCount": 2,
        "interiorEdgeRatio": 0.103,
        "isReceiveCandidate": false
      },
      "geometry": {
        "type": "Polygon",
        "coordinates": [
          [
            [
              -104.03870662782728,
              40.9953916434059
            ],
            [
              -104.0292828302013,
              40.995436949749575
            ],
            [
              -104.02928735571687,
              40.99183889897075
            ],
            [
              -104.02929187950055,
              40.988240845696716
            ],
            [
              -104.0340038438144,
              40.988194953998644
            ],
            [
              -104.03871580255402,
              40.98814905089477
            ],
            [
              -104.04342775333441,
              40.98810313725604
            ],
            [
              -104.04813958023726,
              40.988057298097544
            ],
            [
              -104.0528733380375,
              40.98799865365945
            ],
            [
              -104.05760697011594,
              40.987940084651065
            ],
            [
              -104.05760634847827,
              40.991581241875735
            ],
            [
              -104.05760572991396,
              40.995222302879014
            ],
            [
              -104.05286392011546,
              40.99528404586328
            ],
            [
              -104.04812199081115,
              40.995345498996585
            ],
            [
              -104.04811750624265,
              40.998978687095764
            ],
            [
              -104.03870256492918,
              40.998510203637736
            ],
            [
              -104.03870662782728,
              40.9953916434059
            ]
          ]
        ]
      }
    },
    {
      "type": "Feature",
      "properties": {
        "patchId": "PATCH_042",
        "areaRank": 37,
        "areaAcres": 523.6,
        "parcelCount": 2,
        "interiorEdgeRatio": 0.0426,
        "isReceiveCandidate": false
      },
      "geometry": {
        "type": "Polygon",
        "coordinates": [
          [
            [
              -103.83459321521238,
              40.665811501414495
            ],
            [
              -103.83461638163125,
              40.66216590095
            ],
            [
              -103.82987054392795,
              40.66219000303361
            ],
            [
              -103.82512471001151,
              40.6622139090991
            ],
            [
              -103.82517470459285,
              40.65493337902486
            ],
            [
              -103.82043070287338,
              40.65496296919455
            ],
            [
              -103.82046171479708,
              40.6519961675913
            ],
            [
              -103.82046870702712,
              40.6513268445864
            ],
            [
              -103.8205067036453,
              40.647690806977465
            ],
            [
              -103.82526650027438,
              40.64765506591
            ],
            [
              -103.82535982003164,
              40.64028108981536
            ],
            [
              -103.83013670974137,
              40.64014361425688
            ],
            [
              -103.83008150972864,
              40.64388137574697
            ],
            [
              -103.8300262965138,
              40.64761913301023
            ],
            [
              -103.82997250545755,
              40.65126149870934
            ],
            [
              -103.82996298445714,
              40.65190609842372
            ],
            [
              -103.82991870137208,
              40.654903865761824
            ],
            [
              -103.83466270011297,
              40.65487424666342
            ],
            [
              -103.83940669164942,
              40.654844701736934
            ],
            [
              -103.83938440123146,
              40.6584931534589
            ],
            [
              -103.83936228574008,
              40.662131313354884
            ],
            [
              -103.8393622230272,
              40.66214160554854
            ],
            [
              -103.83933991605718,
              40.66579014192088
            ],
            [
              -103.83459321521238,
              40.665811501414495
            ]
          ]
        ]
      }
    },
    {
      "type": "Feature",
      "properties": {
        "patchId": "PATCH_043",
        "areaRank": 38,
        "areaAcres": 490.9,
        "parcelCount": 2,
        "interiorEdgeRatio": 0.1122,
        "isReceiveCandidate": false
      },
      "geometry": {
        "type": "Polygon",
        "coordinates": [
          [
            [
              -103.68859017234513,
              40.810470121399575
            ],
            [
              -103.68350687618444,
              40.810492614524904
            ],
            [
              -103.67876198318243,
              40.81051344745198
            ],
            [
              -103.67870065091738,
              40.80687954395855
            ],
            [
              -103.6786391959879,
              40.8032457266509
            ],
            [
              -103.67864008704144,
              40.799612260110344
            ],
            [
              -103.6786409766527,
              40.795978882716405
            ],
            [
              -103.67864188297926,
              40.79235009639057
            ],
            [
              -103.67864278549301,
              40.788721399215504
            ],
            [
              -103.683275899709,
              40.78870064290892
            ],
            [
              -103.68818554907034,
              40.78867861282833
            ],
            [
              -103.68825325732435,
              40.79231052572096
            ],
            [
              -103.68832108778925,
              40.79594243588863
            ],
            [
              -103.6883889159642,
              40.79957443415304
            ],
            [
              -103.68845675022081,
              40.803206341393924
            ],
            [
              -103.6885234008138,
              40.806838232797304
            ],
            [
              -103.68859017234513,
              40.810470121399575
            ]
          ]
        ]
      }
    },
    {
      "type": "Feature",
      "properties": {
        "patchId": "PATCH_048",
        "areaRank": 39,
        "areaAcres": 479.1,
        "parcelCount": 3,
        "interiorEdgeRatio": 0.2003,
        "isReceiveCandidate": false
      },
      "geometry": {
        "type": "Polygon",
        "coordinates": [
          [
            [
              -104.13024027199526,
              40.84247704112512
            ],
            [
              -104.13020091964626,
              40.84969807569436
            ],
            [
              -104.12786626133021,
              40.84970205614324
            ],
            [
              -104.12542985323807,
              40.84970615914973
            ],
            [
              -104.12063290089581,
              40.849698081500215
            ],
            [
              -104.11583595333047,
              40.84968980414443
            ],
            [
              -104.11103901051496,
              40.84968132978419
            ],
            [
              -104.10624195757492,
              40.8496726516447
            ],
            [
              -104.10627531676282,
              40.84607693746195
            ],
            [
              -104.10630855373532,
              40.842481221759826
            ],
            [
              -104.10636231390741,
              40.838884400131484
            ],
            [
              -104.11114611162039,
              40.8388857098545
            ],
            [
              -104.11592992010036,
              40.838886827304876
            ],
            [
              -104.11588897890684,
              40.84248609684735
            ],
            [
              -104.12067907653716,
              40.842488549408245
            ],
            [
              -104.12546929418241,
              40.84249098428853
            ],
            [
              -104.12779610092035,
              40.842484209197984
            ],
            [
              -104.13024027199526,
              40.84247704112512
            ]
          ]
        ]
      }
    },
    {
      "type": "Feature",
      "properties": {
        "patchId": "PATCH_049",
        "areaRank": 40,
        "areaAcres": 473.6,
        "parcelCount": 2,
        "interiorEdgeRatio": 0.2206,
        "isReceiveCandidate": false
      },
      "geometry": {
        "type": "Polygon",
        "coordinates": [
          [
            [
              -103.83989720015106,
              40.61470715970962
            ],
            [
              -103.8425925393392,
              40.61469165669934
            ],
            [
              -103.84936041854232,
              40.61465245736141
            ],
            [
              -103.8541320518268,
              40.61462108256157
            ],
            [
              -103.85876677146834,
              40.614590419028566
            ],
            [
              -103.85874960751987,
              40.618222592609335
            ],
            [
              -103.85866780132412,
              40.62538585915893
            ],
            [
              -103.84256004256441,
              40.62554393387189
            ],
            [
              -103.83985015925967,
              40.625570309767674
            ],
            [
              -103.8399029789582,
              40.618354043708244
            ],
            [
              -103.83989720015106,
              40.61470715970962
            ]
          ]
        ]
      }
    },
    {
      "type": "Feature",
      "properties": {
        "patchId": "PATCH_050",
        "areaRank": 41,
        "areaAcres": 472.5,
        "parcelCount": 2,
        "interiorEdgeRatio": 0.1132,
        "isReceiveCandidate": false
      },
      "geometry": {
        "type": "Polygon",
        "coordinates": [
          [
            [
              -103.84016015774094,
              40.99070141133758
            ],
            [
              -103.83545077419456,
              40.99071182229427
            ],
            [
              -103.83074138584405,
              40.990722131049495
            ],
            [
              -103.82603200022574,
              40.99073260788748
            ],
            [
              -103.82132261332372,
              40.99074298347505
            ],
            [
              -103.82129197076543,
              40.987133795786846
            ],
            [
              -103.82126121154664,
              40.98352469483694
            ],
            [
              -103.83071030695396,
              40.98349856843499
            ],
            [
              -103.84015941996928,
              40.98347157850743
            ],
            [
              -103.84148227504174,
              40.983466788009395
            ],
            [
              -103.84487981829702,
              40.983454419061964
            ],
            [
              -103.84960021904101,
              40.98343706566328
            ],
            [
              -103.84959313278277,
              40.98706290049406
            ],
            [
              -103.8495859197724,
              40.9906887301066
            ],
            [
              -103.84487303960394,
              40.99069507691615
            ],
            [
              -103.84146037576802,
              40.990699682382896
            ],
            [
              -103.84016015774094,
              40.99070141133758
            ]
          ]
        ]
      }
    },
    {
      "type": "Feature",
      "properties": {
        "patchId": "PATCH_051",
        "areaRank": 42,
        "areaAcres": 461.0,
        "parcelCount": 2,
        "interiorEdgeRatio": 0.1001,
        "isReceiveCandidate": false
      },
      "geometry": {
        "type": "Polygon",
        "coordinates": [
          [
            [
              -104.04990189913492,
              40.77493410180784
            ],
            [
              -104.04046697563791,
              40.77523969020915
            ],
            [
              -104.03101383503245,
              40.775545528127026
            ],
            [
              -104.03106178901379,
              40.77193617215891
            ],
            [
              -104.03122635546582,
              40.76492324705335
            ],
            [
              -104.03139087143778,
              40.75791039892293
            ],
            [
              -104.03604246648514,
              40.75775246919291
            ],
            [
              -104.0406941542599,
              40.757594534568895
            ],
            [
              -104.04064193612037,
              40.76111045131638
            ],
            [
              -104.04058970537113,
              40.764626366581865
            ],
            [
              -104.0405374729994,
              40.768141827475546
            ],
            [
              -104.04053746668868,
              40.76814228311246
            ],
            [
              -104.0404853515855,
              40.77165737937091
            ],
            [
              -104.04519710615486,
              40.77151796407917
            ],
            [
              -104.04990883977582,
              40.771378535850786
            ],
            [
              -104.04990189913492,
              40.77493410180784
            ]
          ]
        ]
      }
    },
    {
      "type": "Feature",
      "properties": {
        "patchId": "PATCH_066",
        "areaRank": 43,
        "areaAcres": 318.7,
        "parcelCount": 2,
        "interiorEdgeRatio": 0.0613,
        "isReceiveCandidate": false
      },
      "geometry": {
        "type": "Polygon",
        "coordinates": [
          [
            [
              -103.58817889726978,
              40.890845743855515
            ],
            [
              -103.59299295920641,
              40.890782915961324
            ],
            [
              -103.59778670336154,
              40.890771080149975
            ],
            [
              -103.5975240540668,
              40.894396839561395
            ],
            [
              -103.59272075954837,
              40.894404631004214
            ],
            [
              -103.59244853056192,
              40.898026341456884
            ],
            [
              -103.57840070792874,
              40.898212972841215
            ],
            [
              -103.57847567384556,
              40.89459223881191
            ],
            [
              -103.57372734432239,
              40.89465450857015
            ],
            [
              -103.57373642682383,
              40.89103417939353
            ],
            [
              -103.57855062926383,
              40.89097141877928
            ],
            [
              -103.58336470868335,
              40.890908546217474
            ],
            [
              -103.58817889726978,
              40.890845743855515
            ]
          ]
        ]
      }
    },
    {
      "type": "Feature",
      "properties": {
        "patchId": "PATCH_068",
        "areaRank": 44,
        "areaAcres": 314.1,
        "parcelCount": 2,
        "interiorEdgeRatio": 0.1959,
        "isReceiveCandidate": false
      },
      "geometry": {
        "type": "Polygon",
        "coordinates": [
          [
            [
              -103.5969265541872,
              40.916121184488155
            ],
            [
              -103.60162748511854,
              40.91614594041747
            ],
            [
              -103.6016075940721,
              40.91252310876309
            ],
            [
              -103.60635229803603,
              40.91254067831839
            ],
            [
              -103.61109677424518,
              40.91255805155929
            ],
            [
              -103.61102936776439,
              40.91619514649781
            ],
            [
              -103.61096194561031,
              40.919832238977655
            ],
            [
              -103.6109405773019,
              40.92347006180455
            ],
            [
              -103.59696634347704,
              40.92335306545089
            ],
            [
              -103.59699010036705,
              40.91973684788614
            ],
            [
              -103.5969265541872,
              40.916121184488155
            ]
          ]
        ]
      }
    },
    {
      "type": "Feature",
      "properties": {
        "patchId": "PATCH_071",
        "areaRank": 45,
        "areaAcres": 286.9,
        "parcelCount": 2,
        "interiorEdgeRatio": 0.0665,
        "isReceiveCandidate": false
      },
      "geometry": {
        "type": "Polygon",
        "coordinates": [
          [
            [
              -103.64909373310692,
              40.934170197669296
            ],
            [
              -103.65398638145743,
              40.934139440921555
            ],
            [
              -103.65887902276934,
              40.934108746000156
            ],
            [
              -103.65881521474017,
              40.94137280568051
            ],
            [
              -103.64906494024271,
              40.94143556135942
            ],
            [
              -103.63440818411037,
              40.94145287599299
            ],
            [
              -103.6344212545241,
              40.937825540714265
            ],
            [
              -103.63930757975838,
              40.93781807841735
            ],
            [
              -103.64907928170577,
              40.93780287936232
            ],
            [
              -103.64909373310692,
              40.934170197669296
            ]
          ]
        ]
      }
    },
    {
      "type": "Feature",
      "properties": {
        "patchId": "PATCH_074",
        "areaRank": 46,
        "areaAcres": 210.6,
        "parcelCount": 2,
        "interiorEdgeRatio": 0.0751,
        "isReceiveCandidate": false
      },
      "geometry": {
        "type": "Polygon",
        "coordinates": [
          [
            [
              -103.95541602980033,
              40.82685558626756
            ],
            [
              -103.95486944103973,
              40.82321020513506
            ],
            [
              -103.95532509859305,
              40.8196941653324
            ],
            [
              -103.96547651244055,
              40.81973555774654
            ],
            [
              -103.97025577482441,
              40.81974767918644
            ],
            [
              -103.97027249232141,
              40.82335849154253
            ],
            [
              -103.9655377022807,
              40.82331257945941
            ],
            [
              -103.96020298076817,
              40.82326096875891
            ],
            [
              -103.9608118132875,
              40.830502002502655
            ],
            [
              -103.95596267850173,
              40.83050087464763
            ],
            [
              -103.95541602980033,
              40.82685558626756
            ]
          ]
        ]
      }
    },
    {
      "type": "Feature",
      "properties": {
        "patchId": "PATCH_084",
        "areaRank": 47,
        "areaAcres": 119.8,
        "parcelCount": 2,
        "interiorEdgeRatio": 0.1767,
        "isReceiveCandidate": false
      },
      "geometry": {
        "type": "Polygon",
        "coordinates": [
          [
            [
              -103.76869231120384,
              40.69572971538286
            ],
            [
              -103.77344973513718,
              40.695611192621854
            ],
            [
              -103.77826971161373,
              40.695562020574
            ],
            [
              -103.77848064053725,
              40.700959105679836
            ],
            [
              -103.77837066699135,
              40.70095997276475
            ],
            [
              -103.77357955147386,
              40.70099761300608
            ],
            [
              -103.76882118388771,
              40.701031156573606
            ],
            [
              -103.76869231120384,
              40.69572971538286
            ]
          ]
        ]
      }
    },
    {
      "type": "Feature",
      "properties": {
        "patchId": "PATCH_090",
        "areaRank": 48,
        "areaAcres": 81.1,
        "parcelCount": 2,
        "interiorEdgeRatio": 0.1417,
        "isReceiveCandidate": false
      },
      "geometry": {
        "type": "Polygon",
        "coordinates": [
          [
            [
              -103.77979904392754,
              40.817024023467724
            ],
            [
              -103.77976044991685,
              40.813378561002
            ],
            [
              -103.78456063859913,
              40.813349690349845
            ],
            [
              -103.78460642354861,
              40.816995541347765
            ],
            [
              -103.7846721289183,
              40.820641238202796
            ],
            [
              -103.77986940562043,
              40.82066972699819
            ],
            [
              -103.77979904392754,
              40.817024023467724
            ]
          ]
        ]
      }
    }
  ]
}